[2026-07-14 12:24:24,227] ERROR trading_app.services.broker_service Failed to execute trade: Expecting value: line 1 column 1 (char 0)
[2026-07-14 12:24:26,507] ERROR trading_app.services.broker_service Failed to get market data for EUR/USD: Expecting value: line 1 column 1 (char 0)
[2026-07-14 12:32:21,089] ERROR trading_app.services.broker_service Failed to execute trade: Expecting value: line 1 column 1 (char 0)
[2026-07-14 12:32:23,513] ERROR trading_app.services.broker_service Failed to get market data for EUR/USD: Expecting value: line 1 column 1 (char 0)
[2026-07-14 12:37:28,150] ERROR trading_app.services.broker_service Failed to execute trade: Expecting value: line 1 column 1 (char 0)
[2026-07-14 12:37:30,506] ERROR trading_app.services.broker_service Failed to get market data for EUR/USD: Expecting value: line 1 column 1 (char 0)
[2026-07-14 12:49:53,847] ERROR django.request Internal Server Error: /api/trades/execute/
Traceback (most recent call last):
  File "C:\Users\ADMIN\Documents\GitHub\Automated-trading-site\.venv\Lib\site-packages\django\db\backends\utils.py", line 105, in _execute
    return self.cursor.execute(sql, params)
           ~~~~~~~~~~~~~~~~~~~^^^^^^^^^^^^^
  File "C:\Users\ADMIN\Documents\GitHub\Automated-trading-site\.venv\Lib\site-packages\django\db\backends\sqlite3\base.py", line 359, in execute
    return super().execute(query, params)
           ~~~~~~~~~~~~~~~^^^^^^^^^^^^^^^
sqlite3.OperationalError: no such column: trading_app_riskconfig.max_exposure_percent

The above exception was the direct cause of the following exception:

Traceback (most recent call last):
  File "C:\Users\ADMIN\Documents\GitHub\Automated-trading-site\.venv\Lib\site-packages\django\core\handlers\exception.py", line 55, in inner
    response = get_response(request)
  File "C:\Users\ADMIN\Documents\GitHub\Automated-trading-site\.venv\Lib\site-packages\django\core\handlers\base.py", line 198, in _get_response
    response = wrapped_callback(request, *callback_args, **callback_kwargs)
  File "C:\Users\ADMIN\Documents\GitHub\Automated-trading-site\.venv\Lib\site-packages\django\views\decorators\csrf.py", line 65, in _view_wrapper
    return view_func(request, *args, **kwargs)
  File "C:\Users\ADMIN\Documents\GitHub\Automated-trading-site\.venv\Lib\site-packages\django\views\generic\base.py", line 106, in view
    return self.dispatch(request, *args, **kwargs)
           ~~~~~~~~~~~~~^^^^^^^^^^^^^^^^^^^^^^^^^^
  File "C:\Users\ADMIN\Documents\GitHub\Automated-trading-site\.venv\Lib\site-packages\rest_framework\views.py", line 515, in dispatch
    response = self.handle_exception(exc)
  File "C:\Users\ADMIN\Documents\GitHub\Automated-trading-site\.venv\Lib\site-packages\rest_framework\views.py", line 475, in handle_exception
    self.raise_uncaught_exception(exc)
    ~~~~~~~~~~~~~~~~~~~~~~~~~~~~~^^^^^
  File "C:\Users\ADMIN\Documents\GitHub\Automated-trading-site\.venv\Lib\site-packages\rest_framework\views.py", line 486, in raise_uncaught_exception
    raise exc
  File "C:\Users\ADMIN\Documents\GitHub\Automated-trading-site\.venv\Lib\site-packages\rest_framework\views.py", line 512, in dispatch
    response = handler(request, *args, **kwargs)
  File "C:\Users\ADMIN\Documents\GitHub\Automated-trading-site\.venv\Lib\site-packages\rest_framework\decorators.py", line 50, in handler
    return func(*args, **kwargs)
  File "C:\Users\ADMIN\Documents\GitHub\Automated-trading-site\trading_app\api_views.py", line 232, in execute_trade_view
    risk = RiskConfig.get_for_user(user)
  File "C:\Users\ADMIN\Documents\GitHub\Automated-trading-site\trading_app\models.py", line 66, in get_for_user
    obj, _ = cls.objects.get_or_create(user=user)
             ~~~~~~~~~~~~~~~~~~~~~~~~~^^^^^^^^^^^
  File "C:\Users\ADMIN\Documents\GitHub\Automated-trading-site\.venv\Lib\site-packages\django\db\models\manager.py", line 87, in manager_method
    return getattr(self.get_queryset(), name)(*args, **kwargs)
           ~~~~~~~~~~~~~~~~~~~~~~~~~~~~~~~~~~^^^^^^^^^^^^^^^^^
  File "C:\Users\ADMIN\Documents\GitHub\Automated-trading-site\.venv\Lib\site-packages\django\db\models\query.py", line 987, in get_or_create
    return self.get(**kwargs), False
           ~~~~~~~~^^^^^^^^^^
  File "C:\Users\ADMIN\Documents\GitHub\Automated-trading-site\.venv\Lib\site-packages\django\db\models\query.py", line 635, in get
    num = len(clone)
  File "C:\Users\ADMIN\Documents\GitHub\Automated-trading-site\.venv\Lib\site-packages\django\db\models\query.py", line 372, in __len__
    self._fetch_all()
    ~~~~~~~~~~~~~~~^^
  File "C:\Users\ADMIN\Documents\GitHub\Automated-trading-site\.venv\Lib\site-packages\django\db\models\query.py", line 2000, in _fetch_all
    self._result_cache = list(self._iterable_class(self))
                         ~~~~^^^^^^^^^^^^^^^^^^^^^^^^^^^^
  File "C:\Users\ADMIN\Documents\GitHub\Automated-trading-site\.venv\Lib\site-packages\django\db\models\query.py", line 95, in __iter__
    results = compiler.execute_sql(
        chunked_fetch=self.chunked_fetch, chunk_size=self.chunk_size
    )
  File "C:\Users\ADMIN\Documents\GitHub\Automated-trading-site\.venv\Lib\site-packages\django\db\models\sql\compiler.py", line 1624, in execute_sql
    cursor.execute(sql, params)
    ~~~~~~~~~~~~~~^^^^^^^^^^^^^
  File "C:\Users\ADMIN\Documents\GitHub\Automated-trading-site\.venv\Lib\site-packages\django\db\backends\utils.py", line 122, in execute
    return super().execute(sql, params)
           ~~~~~~~~~~~~~~~^^^^^^^^^^^^^
  File "C:\Users\ADMIN\Documents\GitHub\Automated-trading-site\.venv\Lib\site-packages\django\db\backends\utils.py", line 79, in execute
    return self._execute_with_wrappers(
           ~~~~~~~~~~~~~~~~~~~~~~~~~~~^
        sql, params, many=False, executor=self._execute
        ^^^^^^^^^^^^^^^^^^^^^^^^^^^^^^^^^^^^^^^^^^^^^^^
    )
    ^
  File "C:\Users\ADMIN\Documents\GitHub\Automated-trading-site\.venv\Lib\site-packages\django\db\backends\utils.py", line 92, in _execute_with_wrappers
    return executor(sql, params, many, context)
  File "C:\Users\ADMIN\Documents\GitHub\Automated-trading-site\.venv\Lib\site-packages\django\db\backends\utils.py", line 100, in _execute
    with self.db.wrap_database_errors:
         ^^^^^^^^^^^^^^^^^^^^^^^^^^^^
  File "C:\Users\ADMIN\Documents\GitHub\Automated-trading-site\.venv\Lib\site-packages\django\db\utils.py", line 94, in __exit__
    raise dj_exc_value.with_traceback(traceback) from exc_value
  File "C:\Users\ADMIN\Documents\GitHub\Automated-trading-site\.venv\Lib\site-packages\django\db\backends\utils.py", line 105, in _execute
    return self.cursor.execute(sql, params)
           ~~~~~~~~~~~~~~~~~~~^^^^^^^^^^^^^
  File "C:\Users\ADMIN\Documents\GitHub\Automated-trading-site\.venv\Lib\site-packages\django\db\backends\sqlite3\base.py", line 359, in execute
    return super().execute(query, params)
           ~~~~~~~~~~~~~~~^^^^^^^^^^^^^^^
django.db.utils.OperationalError: no such column: trading_app_riskconfig.max_exposure_percent
[2026-07-14 12:49:56,898] ERROR django.request Internal Server Error: /api/dashboard/stats/
Traceback (most recent call last):
  File "C:\Users\ADMIN\Documents\GitHub\Automated-trading-site\.venv\Lib\site-packages\django\db\backends\utils.py", line 105, in _execute
    return self.cursor.execute(sql, params)
           ~~~~~~~~~~~~~~~~~~~^^^^^^^^^^^^^
  File "C:\Users\ADMIN\Documents\GitHub\Automated-trading-site\.venv\Lib\site-packages\django\db\backends\sqlite3\base.py", line 359, in execute
    return super().execute(query, params)
           ~~~~~~~~~~~~~~~^^^^^^^^^^^^^^^
sqlite3.OperationalError: no such column: trading_app_riskconfig.max_exposure_percent

The above exception was the direct cause of the following exception:

Traceback (most recent call last):
  File "C:\Users\ADMIN\Documents\GitHub\Automated-trading-site\.venv\Lib\site-packages\django\core\handlers\exception.py", line 55, in inner
    response = get_response(request)
  File "C:\Users\ADMIN\Documents\GitHub\Automated-trading-site\.venv\Lib\site-packages\django\core\handlers\base.py", line 198, in _get_response
    response = wrapped_callback(request, *callback_args, **callback_kwargs)
  File "C:\Users\ADMIN\Documents\GitHub\Automated-trading-site\.venv\Lib\site-packages\django\views\decorators\csrf.py", line 65, in _view_wrapper
    return view_func(request, *args, **kwargs)
  File "C:\Users\ADMIN\Documents\GitHub\Automated-trading-site\.venv\Lib\site-packages\django\views\generic\base.py", line 106, in view
    return self.dispatch(request, *args, **kwargs)
           ~~~~~~~~~~~~~^^^^^^^^^^^^^^^^^^^^^^^^^^
  File "C:\Users\ADMIN\Documents\GitHub\Automated-trading-site\.venv\Lib\site-packages\rest_framework\views.py", line 515, in dispatch
    response = self.handle_exception(exc)
  File "C:\Users\ADMIN\Documents\GitHub\Automated-trading-site\.venv\Lib\site-packages\rest_framework\views.py", line 475, in handle_exception
    self.raise_uncaught_exception(exc)
    ~~~~~~~~~~~~~~~~~~~~~~~~~~~~~^^^^^
  File "C:\Users\ADMIN\Documents\GitHub\Automated-trading-site\.venv\Lib\site-packages\rest_framework\views.py", line 486, in raise_uncaught_exception
    raise exc
  File "C:\Users\ADMIN\Documents\GitHub\Automated-trading-site\.venv\Lib\site-packages\rest_framework\views.py", line 512, in dispatch
    response = handler(request, *args, **kwargs)
  File "C:\Users\ADMIN\Documents\GitHub\Automated-trading-site\.venv\Lib\site-packages\rest_framework\decorators.py", line 50, in handler
    return func(*args, **kwargs)
  File "C:\Users\ADMIN\Documents\GitHub\Automated-trading-site\trading_app\api_views.py", line 757, in dashboard_stats_view
    risk = RiskConfig.get_for_user(user)
  File "C:\Users\ADMIN\Documents\GitHub\Automated-trading-site\trading_app\models.py", line 66, in get_for_user
    obj, _ = cls.objects.get_or_create(user=user)
             ~~~~~~~~~~~~~~~~~~~~~~~~~^^^^^^^^^^^
  File "C:\Users\ADMIN\Documents\GitHub\Automated-trading-site\.venv\Lib\site-packages\django\db\models\manager.py", line 87, in manager_method
    return getattr(self.get_queryset(), name)(*args, **kwargs)
           ~~~~~~~~~~~~~~~~~~~~~~~~~~~~~~~~~~^^^^^^^^^^^^^^^^^
  File "C:\Users\ADMIN\Documents\GitHub\Automated-trading-site\.venv\Lib\site-packages\django\db\models\query.py", line 987, in get_or_create
    return self.get(**kwargs), False
           ~~~~~~~~^^^^^^^^^^
  File "C:\Users\ADMIN\Documents\GitHub\Automated-trading-site\.venv\Lib\site-packages\django\db\models\query.py", line 635, in get
    num = len(clone)
  File "C:\Users\ADMIN\Documents\GitHub\Automated-trading-site\.venv\Lib\site-packages\django\db\models\query.py", line 372, in __len__
    self._fetch_all()
    ~~~~~~~~~~~~~~~^^
  File "C:\Users\ADMIN\Documents\GitHub\Automated-trading-site\.venv\Lib\site-packages\django\db\models\query.py", line 2000, in _fetch_all
    self._result_cache = list(self._iterable_class(self))
                         ~~~~^^^^^^^^^^^^^^^^^^^^^^^^^^^^
  File "C:\Users\ADMIN\Documents\GitHub\Automated-trading-site\.venv\Lib\site-packages\django\db\models\query.py", line 95, in __iter__
    results = compiler.execute_sql(
        chunked_fetch=self.chunked_fetch, chunk_size=self.chunk_size
    )
  File "C:\Users\ADMIN\Documents\GitHub\Automated-trading-site\.venv\Lib\site-packages\django\db\models\sql\compiler.py", line 1624, in execute_sql
    cursor.execute(sql, params)
    ~~~~~~~~~~~~~~^^^^^^^^^^^^^
  File "C:\Users\ADMIN\Documents\GitHub\Automated-trading-site\.venv\Lib\site-packages\django\db\backends\utils.py", line 122, in execute
    return super().execute(sql, params)
           ~~~~~~~~~~~~~~~^^^^^^^^^^^^^
  File "C:\Users\ADMIN\Documents\GitHub\Automated-trading-site\.venv\Lib\site-packages\django\db\backends\utils.py", line 79, in execute
    return self._execute_with_wrappers(
           ~~~~~~~~~~~~~~~~~~~~~~~~~~~^
        sql, params, many=False, executor=self._execute
        ^^^^^^^^^^^^^^^^^^^^^^^^^^^^^^^^^^^^^^^^^^^^^^^
    )
    ^
  File "C:\Users\ADMIN\Documents\GitHub\Automated-trading-site\.venv\Lib\site-packages\django\db\backends\utils.py", line 92, in _execute_with_wrappers
    return executor(sql, params, many, context)
  File "C:\Users\ADMIN\Documents\GitHub\Automated-trading-site\.venv\Lib\site-packages\django\db\backends\utils.py", line 100, in _execute
    with self.db.wrap_database_errors:
         ^^^^^^^^^^^^^^^^^^^^^^^^^^^^
  File "C:\Users\ADMIN\Documents\GitHub\Automated-trading-site\.venv\Lib\site-packages\django\db\utils.py", line 94, in __exit__
    raise dj_exc_value.with_traceback(traceback) from exc_value
  File "C:\Users\ADMIN\Documents\GitHub\Automated-trading-site\.venv\Lib\site-packages\django\db\backends\utils.py", line 105, in _execute
    return self.cursor.execute(sql, params)
           ~~~~~~~~~~~~~~~~~~~^^^^^^^^^^^^^
  File "C:\Users\ADMIN\Documents\GitHub\Automated-trading-site\.venv\Lib\site-packages\django\db\backends\sqlite3\base.py", line 359, in execute
    return super().execute(query, params)
           ~~~~~~~~~~~~~~~^^^^^^^^^^^^^^^
django.db.utils.OperationalError: no such column: trading_app_riskconfig.max_exposure_percent
[2026-07-14 12:49:59,783] ERROR django.request Internal Server Error: /api/trades/execute/
Traceback (most recent call last):
  File "C:\Users\ADMIN\Documents\GitHub\Automated-trading-site\.venv\Lib\site-packages\django\db\backends\utils.py", line 105, in _execute
    return self.cursor.execute(sql, params)
           ~~~~~~~~~~~~~~~~~~~^^^^^^^^^^^^^
  File "C:\Users\ADMIN\Documents\GitHub\Automated-trading-site\.venv\Lib\site-packages\django\db\backends\sqlite3\base.py", line 359, in execute
    return super().execute(query, params)
           ~~~~~~~~~~~~~~~^^^^^^^^^^^^^^^
sqlite3.OperationalError: no such column: trading_app_riskconfig.max_exposure_percent

The above exception was the direct cause of the following exception:

Traceback (most recent call last):
  File "C:\Users\ADMIN\Documents\GitHub\Automated-trading-site\.venv\Lib\site-packages\django\core\handlers\exception.py", line 55, in inner
    response = get_response(request)
  File "C:\Users\ADMIN\Documents\GitHub\Automated-trading-site\.venv\Lib\site-packages\django\core\handlers\base.py", line 198, in _get_response
    response = wrapped_callback(request, *callback_args, **callback_kwargs)
  File "C:\Users\ADMIN\Documents\GitHub\Automated-trading-site\.venv\Lib\site-packages\django\views\decorators\csrf.py", line 65, in _view_wrapper
    return view_func(request, *args, **kwargs)
  File "C:\Users\ADMIN\Documents\GitHub\Automated-trading-site\.venv\Lib\site-packages\django\views\generic\base.py", line 106, in view
    return self.dispatch(request, *args, **kwargs)
           ~~~~~~~~~~~~~^^^^^^^^^^^^^^^^^^^^^^^^^^
  File "C:\Users\ADMIN\Documents\GitHub\Automated-trading-site\.venv\Lib\site-packages\rest_framework\views.py", line 515, in dispatch
    response = self.handle_exception(exc)
  File "C:\Users\ADMIN\Documents\GitHub\Automated-trading-site\.venv\Lib\site-packages\rest_framework\views.py", line 475, in handle_exception
    self.raise_uncaught_exception(exc)
    ~~~~~~~~~~~~~~~~~~~~~~~~~~~~~^^^^^
  File "C:\Users\ADMIN\Documents\GitHub\Automated-trading-site\.venv\Lib\site-packages\rest_framework\views.py", line 486, in raise_uncaught_exception
    raise exc
  File "C:\Users\ADMIN\Documents\GitHub\Automated-trading-site\.venv\Lib\site-packages\rest_framework\views.py", line 512, in dispatch
    response = handler(request, *args, **kwargs)
  File "C:\Users\ADMIN\Documents\GitHub\Automated-trading-site\.venv\Lib\site-packages\rest_framework\decorators.py", line 50, in handler
    return func(*args, **kwargs)
  File "C:\Users\ADMIN\Documents\GitHub\Automated-trading-site\trading_app\api_views.py", line 232, in execute_trade_view
    risk = RiskConfig.get_for_user(user)
  File "C:\Users\ADMIN\Documents\GitHub\Automated-trading-site\trading_app\models.py", line 66, in get_for_user
    obj, _ = cls.objects.get_or_create(user=user)
             ~~~~~~~~~~~~~~~~~~~~~~~~~^^^^^^^^^^^
  File "C:\Users\ADMIN\Documents\GitHub\Automated-trading-site\.venv\Lib\site-packages\django\db\models\manager.py", line 87, in manager_method
    return getattr(self.get_queryset(), name)(*args, **kwargs)
           ~~~~~~~~~~~~~~~~~~~~~~~~~~~~~~~~~~^^^^^^^^^^^^^^^^^
  File "C:\Users\ADMIN\Documents\GitHub\Automated-trading-site\.venv\Lib\site-packages\django\db\models\query.py", line 987, in get_or_create
    return self.get(**kwargs), False
           ~~~~~~~~^^^^^^^^^^
  File "C:\Users\ADMIN\Documents\GitHub\Automated-trading-site\.venv\Lib\site-packages\django\db\models\query.py", line 635, in get
    num = len(clone)
  File "C:\Users\ADMIN\Documents\GitHub\Automated-trading-site\.venv\Lib\site-packages\django\db\models\query.py", line 372, in __len__
    self._fetch_all()
    ~~~~~~~~~~~~~~~^^
  File "C:\Users\ADMIN\Documents\GitHub\Automated-trading-site\.venv\Lib\site-packages\django\db\models\query.py", line 2000, in _fetch_all
    self._result_cache = list(self._iterable_class(self))
                         ~~~~^^^^^^^^^^^^^^^^^^^^^^^^^^^^
  File "C:\Users\ADMIN\Documents\GitHub\Automated-trading-site\.venv\Lib\site-packages\django\db\models\query.py", line 95, in __iter__
    results = compiler.execute_sql(
        chunked_fetch=self.chunked_fetch, chunk_size=self.chunk_size
    )
  File "C:\Users\ADMIN\Documents\GitHub\Automated-trading-site\.venv\Lib\site-packages\django\db\models\sql\compiler.py", line 1624, in execute_sql
    cursor.execute(sql, params)
    ~~~~~~~~~~~~~~^^^^^^^^^^^^^
  File "C:\Users\ADMIN\Documents\GitHub\Automated-trading-site\.venv\Lib\site-packages\django\db\backends\utils.py", line 122, in execute
    return super().execute(sql, params)
           ~~~~~~~~~~~~~~~^^^^^^^^^^^^^
  File "C:\Users\ADMIN\Documents\GitHub\Automated-trading-site\.venv\Lib\site-packages\django\db\backends\utils.py", line 79, in execute
    return self._execute_with_wrappers(
           ~~~~~~~~~~~~~~~~~~~~~~~~~~~^
        sql, params, many=False, executor=self._execute
        ^^^^^^^^^^^^^^^^^^^^^^^^^^^^^^^^^^^^^^^^^^^^^^^
    )
    ^
  File "C:\Users\ADMIN\Documents\GitHub\Automated-trading-site\.venv\Lib\site-packages\django\db\backends\utils.py", line 92, in _execute_with_wrappers
    return executor(sql, params, many, context)
  File "C:\Users\ADMIN\Documents\GitHub\Automated-trading-site\.venv\Lib\site-packages\django\db\backends\utils.py", line 100, in _execute
    with self.db.wrap_database_errors:
         ^^^^^^^^^^^^^^^^^^^^^^^^^^^^
  File "C:\Users\ADMIN\Documents\GitHub\Automated-trading-site\.venv\Lib\site-packages\django\db\utils.py", line 94, in __exit__
    raise dj_exc_value.with_traceback(traceback) from exc_value
  File "C:\Users\ADMIN\Documents\GitHub\Automated-trading-site\.venv\Lib\site-packages\django\db\backends\utils.py", line 105, in _execute
    return self.cursor.execute(sql, params)
           ~~~~~~~~~~~~~~~~~~~^^^^^^^^^^^^^
  File "C:\Users\ADMIN\Documents\GitHub\Automated-trading-site\.venv\Lib\site-packages\django\db\backends\sqlite3\base.py", line 359, in execute
    return super().execute(query, params)
           ~~~~~~~~~~~~~~~^^^^^^^^^^^^^^^
django.db.utils.OperationalError: no such column: trading_app_riskconfig.max_exposure_percent
[2026-07-14 12:50:27,222] ERROR trading_app.services.broker_service Failed to execute trade: Expecting value: line 1 column 1 (char 0)
[2026-07-14 12:50:29,855] ERROR trading_app.services.broker_service Failed to get market data for EUR/USD: Expecting value: line 1 column 1 (char 0)
[2026-07-14 12:57:04,406] ERROR trading_app.services.broker_service Failed to execute trade: Expecting value: line 1 column 1 (char 0)
[2026-07-14 12:57:07,225] ERROR trading_app.services.broker_service Failed to get market data for EUR/USD: Expecting value: line 1 column 1 (char 0)
[2026-07-14 20:27:24,627] ERROR daphne.server Exception inside application: Cannot import BACKEND 'channels_redis.core.RedisChannelLayer' specified for default
Traceback (most recent call last):
  File "C:\Users\ADMIN\Documents\GitHub\Automated-trading-site\.venv\Lib\site-packages\channels\layers.py", line 71, in _make_backend
    backend_class = import_string(backend_module)
  File "C:\Users\ADMIN\Documents\GitHub\Automated-trading-site\.venv\Lib\site-packages\django\utils\module_loading.py", line 30, in import_string
    return cached_import(module_path, class_name)
  File "C:\Users\ADMIN\Documents\GitHub\Automated-trading-site\.venv\Lib\site-packages\django\utils\module_loading.py", line 15, in cached_import
    module = import_module(module_path)
  File "C:\Python314\Lib\importlib\__init__.py", line 88, in import_module
    return _bootstrap._gcd_import(name[level:], package, level)
           ~~~~~~~~~~~~~~~~~~~~~~^^^^^^^^^^^^^^^^^^^^^^^^^^^^^^
  File "<frozen importlib._bootstrap>", line 1406, in _gcd_import
  File "<frozen importlib._bootstrap>", line 1371, in _find_and_load
  File "<frozen importlib._bootstrap>", line 1314, in _find_and_load_unlocked
  File "<frozen importlib._bootstrap>", line 491, in _call_with_frames_removed
  File "<frozen importlib._bootstrap>", line 1406, in _gcd_import
  File "<frozen importlib._bootstrap>", line 1371, in _find_and_load
  File "<frozen importlib._bootstrap>", line 1335, in _find_and_load_unlocked
ModuleNotFoundError: No module named 'channels_redis'

During handling of the above exception, another exception occurred:

Traceback (most recent call last):
  File "C:\Users\ADMIN\Documents\GitHub\Automated-trading-site\.venv\Lib\site-packages\django\contrib\staticfiles\handlers.py", line 101, in __call__
    return await self.application(scope, receive, send)
           ^^^^^^^^^^^^^^^^^^^^^^^^^^^^^^^^^^^^^^^^^^^^
  File "C:\Users\ADMIN\Documents\GitHub\Automated-trading-site\.venv\Lib\site-packages\channels\routing.py", line 48, in __call__
    return await application(scope, receive, send)
           ^^^^^^^^^^^^^^^^^^^^^^^^^^^^^^^^^^^^^^^
  File "C:\Users\ADMIN\Documents\GitHub\Automated-trading-site\.venv\Lib\site-packages\channels\sessions.py", line 44, in __call__
    return await self.inner(dict(scope, cookies=cookies), receive, send)
           ^^^^^^^^^^^^^^^^^^^^^^^^^^^^^^^^^^^^^^^^^^^^^^^^^^^^^^^^^^^^^
  File "C:\Users\ADMIN\Documents\GitHub\Automated-trading-site\.venv\Lib\site-packages\channels\sessions.py", line 261, in __call__
    return await self.inner(wrapper.scope, receive, wrapper.send)
           ^^^^^^^^^^^^^^^^^^^^^^^^^^^^^^^^^^^^^^^^^^^^^^^^^^^^^^
  File "C:\Users\ADMIN\Documents\GitHub\Automated-trading-site\.venv\Lib\site-packages\channels\auth.py", line 185, in __call__
    return await super().__call__(scope, receive, send)
           ^^^^^^^^^^^^^^^^^^^^^^^^^^^^^^^^^^^^^^^^^^^^
  File "C:\Users\ADMIN\Documents\GitHub\Automated-trading-site\.venv\Lib\site-packages\channels\middleware.py", line 24, in __call__
    return await self.inner(scope, receive, send)
           ^^^^^^^^^^^^^^^^^^^^^^^^^^^^^^^^^^^^^^
  File "C:\Users\ADMIN\Documents\GitHub\Automated-trading-site\.venv\Lib\site-packages\channels\routing.py", line 118, in __call__
    return await application(
           ^^^^^^^^^^^^^^^^^^
    ...<10 lines>...
    )
    ^
  File "C:\Users\ADMIN\Documents\GitHub\Automated-trading-site\.venv\Lib\site-packages\channels\consumer.py", line 95, in app
    return await consumer(scope, receive, send)
           ^^^^^^^^^^^^^^^^^^^^^^^^^^^^^^^^^^^^
  File "C:\Users\ADMIN\Documents\GitHub\Automated-trading-site\.venv\Lib\site-packages\channels\consumer.py", line 44, in __call__
    self.channel_layer = get_channel_layer(self.channel_layer_alias)
                         ~~~~~~~~~~~~~~~~~^^^^^^^^^^^^^^^^^^^^^^^^^^
  File "C:\Users\ADMIN\Documents\GitHub\Automated-trading-site\.venv\Lib\site-packages\channels\layers.py", line 411, in get_channel_layer
    return channel_layers[alias]
           ~~~~~~~~~~~~~~^^^^^^^
  File "C:\Users\ADMIN\Documents\GitHub\Automated-trading-site\.venv\Lib\site-packages\channels\layers.py", line 83, in __getitem__
    self.backends[key] = self.make_backend(key)
                         ~~~~~~~~~~~~~~~~~^^^^^
  File "C:\Users\ADMIN\Documents\GitHub\Automated-trading-site\.venv\Lib\site-packages\channels\layers.py", line 45, in make_backend
    return self._make_backend(name, config)
           ~~~~~~~~~~~~~~~~~~^^^^^^^^^^^^^^
  File "C:\Users\ADMIN\Documents\GitHub\Automated-trading-site\.venv\Lib\site-packages\channels\layers.py", line 73, in _make_backend
    raise InvalidChannelLayerError(
    ...<2 lines>...
    )
channels.exceptions.InvalidChannelLayerError: Cannot import BACKEND 'channels_redis.core.RedisChannelLayer' specified for default
[2026-07-14 20:27:25,801] ERROR daphne.server Exception inside application: Cannot import BACKEND 'channels_redis.core.RedisChannelLayer' specified for default
Traceback (most recent call last):
  File "C:\Users\ADMIN\Documents\GitHub\Automated-trading-site\.venv\Lib\site-packages\channels\layers.py", line 71, in _make_backend
    backend_class = import_string(backend_module)
  File "C:\Users\ADMIN\Documents\GitHub\Automated-trading-site\.venv\Lib\site-packages\django\utils\module_loading.py", line 30, in import_string
    return cached_import(module_path, class_name)
  File "C:\Users\ADMIN\Documents\GitHub\Automated-trading-site\.venv\Lib\site-packages\django\utils\module_loading.py", line 15, in cached_import
    module = import_module(module_path)
  File "C:\Python314\Lib\importlib\__init__.py", line 88, in import_module
    return _bootstrap._gcd_import(name[level:], package, level)
           ~~~~~~~~~~~~~~~~~~~~~~^^^^^^^^^^^^^^^^^^^^^^^^^^^^^^
  File "<frozen importlib._bootstrap>", line 1406, in _gcd_import
  File "<frozen importlib._bootstrap>", line 1371, in _find_and_load
  File "<frozen importlib._bootstrap>", line 1314, in _find_and_load_unlocked
  File "<frozen importlib._bootstrap>", line 491, in _call_with_frames_removed
  File "<frozen importlib._bootstrap>", line 1406, in _gcd_import
  File "<frozen importlib._bootstrap>", line 1371, in _find_and_load
  File "<frozen importlib._bootstrap>", line 1335, in _find_and_load_unlocked
ModuleNotFoundError: No module named 'channels_redis'

During handling of the above exception, another exception occurred:

Traceback (most recent call last):
  File "C:\Users\ADMIN\Documents\GitHub\Automated-trading-site\.venv\Lib\site-packages\django\contrib\staticfiles\handlers.py", line 101, in __call__
    return await self.application(scope, receive, send)
           ^^^^^^^^^^^^^^^^^^^^^^^^^^^^^^^^^^^^^^^^^^^^
  File "C:\Users\ADMIN\Documents\GitHub\Automated-trading-site\.venv\Lib\site-packages\channels\routing.py", line 48, in __call__
    return await application(scope, receive, send)
           ^^^^^^^^^^^^^^^^^^^^^^^^^^^^^^^^^^^^^^^
  File "C:\Users\ADMIN\Documents\GitHub\Automated-trading-site\.venv\Lib\site-packages\channels\sessions.py", line 44, in __call__
    return await self.inner(dict(scope, cookies=cookies), receive, send)
           ^^^^^^^^^^^^^^^^^^^^^^^^^^^^^^^^^^^^^^^^^^^^^^^^^^^^^^^^^^^^^
  File "C:\Users\ADMIN\Documents\GitHub\Automated-trading-site\.venv\Lib\site-packages\channels\sessions.py", line 261, in __call__
    return await self.inner(wrapper.scope, receive, wrapper.send)
           ^^^^^^^^^^^^^^^^^^^^^^^^^^^^^^^^^^^^^^^^^^^^^^^^^^^^^^
  File "C:\Users\ADMIN\Documents\GitHub\Automated-trading-site\.venv\Lib\site-packages\channels\auth.py", line 185, in __call__
    return await super().__call__(scope, receive, send)
           ^^^^^^^^^^^^^^^^^^^^^^^^^^^^^^^^^^^^^^^^^^^^
  File "C:\Users\ADMIN\Documents\GitHub\Automated-trading-site\.venv\Lib\site-packages\channels\middleware.py", line 24, in __call__
    return await self.inner(scope, receive, send)
           ^^^^^^^^^^^^^^^^^^^^^^^^^^^^^^^^^^^^^^
  File "C:\Users\ADMIN\Documents\GitHub\Automated-trading-site\.venv\Lib\site-packages\channels\routing.py", line 118, in __call__
    return await application(
           ^^^^^^^^^^^^^^^^^^
    ...<10 lines>...
    )
    ^
  File "C:\Users\ADMIN\Documents\GitHub\Automated-trading-site\.venv\Lib\site-packages\channels\consumer.py", line 95, in app
    return await consumer(scope, receive, send)
           ^^^^^^^^^^^^^^^^^^^^^^^^^^^^^^^^^^^^
  File "C:\Users\ADMIN\Documents\GitHub\Automated-trading-site\.venv\Lib\site-packages\channels\consumer.py", line 44, in __call__
    self.channel_layer = get_channel_layer(self.channel_layer_alias)
                         ~~~~~~~~~~~~~~~~~^^^^^^^^^^^^^^^^^^^^^^^^^^
  File "C:\Users\ADMIN\Documents\GitHub\Automated-trading-site\.venv\Lib\site-packages\channels\layers.py", line 411, in get_channel_layer
    return channel_layers[alias]
           ~~~~~~~~~~~~~~^^^^^^^
  File "C:\Users\ADMIN\Documents\GitHub\Automated-trading-site\.venv\Lib\site-packages\channels\layers.py", line 83, in __getitem__
    self.backends[key] = self.make_backend(key)
                         ~~~~~~~~~~~~~~~~~^^^^^
  File "C:\Users\ADMIN\Documents\GitHub\Automated-trading-site\.venv\Lib\site-packages\channels\layers.py", line 45, in make_backend
    return self._make_backend(name, config)
           ~~~~~~~~~~~~~~~~~~^^^^^^^^^^^^^^
  File "C:\Users\ADMIN\Documents\GitHub\Automated-trading-site\.venv\Lib\site-packages\channels\layers.py", line 73, in _make_backend
    raise InvalidChannelLayerError(
    ...<2 lines>...
    )
channels.exceptions.InvalidChannelLayerError: Cannot import BACKEND 'channels_redis.core.RedisChannelLayer' specified for default
[2026-07-14 20:27:26,818] ERROR daphne.server Exception inside application: Cannot import BACKEND 'channels_redis.core.RedisChannelLayer' specified for default
Traceback (most recent call last):
  File "C:\Users\ADMIN\Documents\GitHub\Automated-trading-site\.venv\Lib\site-packages\channels\layers.py", line 71, in _make_backend
    backend_class = import_string(backend_module)
  File "C:\Users\ADMIN\Documents\GitHub\Automated-trading-site\.venv\Lib\site-packages\django\utils\module_loading.py", line 30, in import_string
    return cached_import(module_path, class_name)
  File "C:\Users\ADMIN\Documents\GitHub\Automated-trading-site\.venv\Lib\site-packages\django\utils\module_loading.py", line 15, in cached_import
    module = import_module(module_path)
  File "C:\Python314\Lib\importlib\__init__.py", line 88, in import_module
    return _bootstrap._gcd_import(name[level:], package, level)
           ~~~~~~~~~~~~~~~~~~~~~~^^^^^^^^^^^^^^^^^^^^^^^^^^^^^^
  File "<frozen importlib._bootstrap>", line 1406, in _gcd_import
  File "<frozen importlib._bootstrap>", line 1371, in _find_and_load
  File "<frozen importlib._bootstrap>", line 1314, in _find_and_load_unlocked
  File "<frozen importlib._bootstrap>", line 491, in _call_with_frames_removed
  File "<frozen importlib._bootstrap>", line 1406, in _gcd_import
  File "<frozen importlib._bootstrap>", line 1371, in _find_and_load
  File "<frozen importlib._bootstrap>", line 1335, in _find_and_load_unlocked
ModuleNotFoundError: No module named 'channels_redis'

During handling of the above exception, another exception occurred:

Traceback (most recent call last):
  File "C:\Users\ADMIN\Documents\GitHub\Automated-trading-site\.venv\Lib\site-packages\django\contrib\staticfiles\handlers.py", line 101, in __call__
    return await self.application(scope, receive, send)
           ^^^^^^^^^^^^^^^^^^^^^^^^^^^^^^^^^^^^^^^^^^^^
  File "C:\Users\ADMIN\Documents\GitHub\Automated-trading-site\.venv\Lib\site-packages\channels\routing.py", line 48, in __call__
    return await application(scope, receive, send)
           ^^^^^^^^^^^^^^^^^^^^^^^^^^^^^^^^^^^^^^^
  File "C:\Users\ADMIN\Documents\GitHub\Automated-trading-site\.venv\Lib\site-packages\channels\sessions.py", line 44, in __call__
    return await self.inner(dict(scope, cookies=cookies), receive, send)
           ^^^^^^^^^^^^^^^^^^^^^^^^^^^^^^^^^^^^^^^^^^^^^^^^^^^^^^^^^^^^^
  File "C:\Users\ADMIN\Documents\GitHub\Automated-trading-site\.venv\Lib\site-packages\channels\sessions.py", line 261, in __call__
    return await self.inner(wrapper.scope, receive, wrapper.send)
           ^^^^^^^^^^^^^^^^^^^^^^^^^^^^^^^^^^^^^^^^^^^^^^^^^^^^^^
  File "C:\Users\ADMIN\Documents\GitHub\Automated-trading-site\.venv\Lib\site-packages\channels\auth.py", line 185, in __call__
    return await super().__call__(scope, receive, send)
           ^^^^^^^^^^^^^^^^^^^^^^^^^^^^^^^^^^^^^^^^^^^^
  File "C:\Users\ADMIN\Documents\GitHub\Automated-trading-site\.venv\Lib\site-packages\channels\middleware.py", line 24, in __call__
    return await self.inner(scope, receive, send)
           ^^^^^^^^^^^^^^^^^^^^^^^^^^^^^^^^^^^^^^
  File "C:\Users\ADMIN\Documents\GitHub\Automated-trading-site\.venv\Lib\site-packages\channels\routing.py", line 118, in __call__
    return await application(
           ^^^^^^^^^^^^^^^^^^
    ...<10 lines>...
    )
    ^
  File "C:\Users\ADMIN\Documents\GitHub\Automated-trading-site\.venv\Lib\site-packages\channels\consumer.py", line 95, in app
    return await consumer(scope, receive, send)
           ^^^^^^^^^^^^^^^^^^^^^^^^^^^^^^^^^^^^
  File "C:\Users\ADMIN\Documents\GitHub\Automated-trading-site\.venv\Lib\site-packages\channels\consumer.py", line 44, in __call__
    self.channel_layer = get_channel_layer(self.channel_layer_alias)
                         ~~~~~~~~~~~~~~~~~^^^^^^^^^^^^^^^^^^^^^^^^^^
  File "C:\Users\ADMIN\Documents\GitHub\Automated-trading-site\.venv\Lib\site-packages\channels\layers.py", line 411, in get_channel_layer
    return channel_layers[alias]
           ~~~~~~~~~~~~~~^^^^^^^
  File "C:\Users\ADMIN\Documents\GitHub\Automated-trading-site\.venv\Lib\site-packages\channels\layers.py", line 83, in __getitem__
    self.backends[key] = self.make_backend(key)
                         ~~~~~~~~~~~~~~~~~^^^^^
  File "C:\Users\ADMIN\Documents\GitHub\Automated-trading-site\.venv\Lib\site-packages\channels\layers.py", line 45, in make_backend
    return self._make_backend(name, config)
           ~~~~~~~~~~~~~~~~~~^^^^^^^^^^^^^^
  File "C:\Users\ADMIN\Documents\GitHub\Automated-trading-site\.venv\Lib\site-packages\channels\layers.py", line 73, in _make_backend
    raise InvalidChannelLayerError(
    ...<2 lines>...
    )
channels.exceptions.InvalidChannelLayerError: Cannot import BACKEND 'channels_redis.core.RedisChannelLayer' specified for default
[2026-07-14 20:27:27,835] ERROR daphne.server Exception inside application: Cannot import BACKEND 'channels_redis.core.RedisChannelLayer' specified for default
Traceback (most recent call last):
  File "C:\Users\ADMIN\Documents\GitHub\Automated-trading-site\.venv\Lib\site-packages\channels\layers.py", line 71, in _make_backend
    backend_class = import_string(backend_module)
  File "C:\Users\ADMIN\Documents\GitHub\Automated-trading-site\.venv\Lib\site-packages\django\utils\module_loading.py", line 30, in import_string
    return cached_import(module_path, class_name)
  File "C:\Users\ADMIN\Documents\GitHub\Automated-trading-site\.venv\Lib\site-packages\django\utils\module_loading.py", line 15, in cached_import
    module = import_module(module_path)
  File "C:\Python314\Lib\importlib\__init__.py", line 88, in import_module
    return _bootstrap._gcd_import(name[level:], package, level)
           ~~~~~~~~~~~~~~~~~~~~~~^^^^^^^^^^^^^^^^^^^^^^^^^^^^^^
  File "<frozen importlib._bootstrap>", line 1406, in _gcd_import
  File "<frozen importlib._bootstrap>", line 1371, in _find_and_load
  File "<frozen importlib._bootstrap>", line 1314, in _find_and_load_unlocked
  File "<frozen importlib._bootstrap>", line 491, in _call_with_frames_removed
  File "<frozen importlib._bootstrap>", line 1406, in _gcd_import
  File "<frozen importlib._bootstrap>", line 1371, in _find_and_load
  File "<frozen importlib._bootstrap>", line 1335, in _find_and_load_unlocked
ModuleNotFoundError: No module named 'channels_redis'

During handling of the above exception, another exception occurred:

Traceback (most recent call last):
  File "C:\Users\ADMIN\Documents\GitHub\Automated-trading-site\.venv\Lib\site-packages\django\contrib\staticfiles\handlers.py", line 101, in __call__
    return await self.application(scope, receive, send)
           ^^^^^^^^^^^^^^^^^^^^^^^^^^^^^^^^^^^^^^^^^^^^
  File "C:\Users\ADMIN\Documents\GitHub\Automated-trading-site\.venv\Lib\site-packages\channels\routing.py", line 48, in __call__
    return await application(scope, receive, send)
           ^^^^^^^^^^^^^^^^^^^^^^^^^^^^^^^^^^^^^^^
  File "C:\Users\ADMIN\Documents\GitHub\Automated-trading-site\.venv\Lib\site-packages\channels\sessions.py", line 44, in __call__
    return await self.inner(dict(scope, cookies=cookies), receive, send)
           ^^^^^^^^^^^^^^^^^^^^^^^^^^^^^^^^^^^^^^^^^^^^^^^^^^^^^^^^^^^^^
  File "C:\Users\ADMIN\Documents\GitHub\Automated-trading-site\.venv\Lib\site-packages\channels\sessions.py", line 261, in __call__
    return await self.inner(wrapper.scope, receive, wrapper.send)
           ^^^^^^^^^^^^^^^^^^^^^^^^^^^^^^^^^^^^^^^^^^^^^^^^^^^^^^
  File "C:\Users\ADMIN\Documents\GitHub\Automated-trading-site\.venv\Lib\site-packages\channels\auth.py", line 185, in __call__
    return await super().__call__(scope, receive, send)
           ^^^^^^^^^^^^^^^^^^^^^^^^^^^^^^^^^^^^^^^^^^^^
  File "C:\Users\ADMIN\Documents\GitHub\Automated-trading-site\.venv\Lib\site-packages\channels\middleware.py", line 24, in __call__
    return await self.inner(scope, receive, send)
           ^^^^^^^^^^^^^^^^^^^^^^^^^^^^^^^^^^^^^^
  File "C:\Users\ADMIN\Documents\GitHub\Automated-trading-site\.venv\Lib\site-packages\channels\routing.py", line 118, in __call__
    return await application(
           ^^^^^^^^^^^^^^^^^^
    ...<10 lines>...
    )
    ^
  File "C:\Users\ADMIN\Documents\GitHub\Automated-trading-site\.venv\Lib\site-packages\channels\consumer.py", line 95, in app
    return await consumer(scope, receive, send)
           ^^^^^^^^^^^^^^^^^^^^^^^^^^^^^^^^^^^^
  File "C:\Users\ADMIN\Documents\GitHub\Automated-trading-site\.venv\Lib\site-packages\channels\consumer.py", line 44, in __call__
    self.channel_layer = get_channel_layer(self.channel_layer_alias)
                         ~~~~~~~~~~~~~~~~~^^^^^^^^^^^^^^^^^^^^^^^^^^
  File "C:\Users\ADMIN\Documents\GitHub\Automated-trading-site\.venv\Lib\site-packages\channels\layers.py", line 411, in get_channel_layer
    return channel_layers[alias]
           ~~~~~~~~~~~~~~^^^^^^^
  File "C:\Users\ADMIN\Documents\GitHub\Automated-trading-site\.venv\Lib\site-packages\channels\layers.py", line 83, in __getitem__
    self.backends[key] = self.make_backend(key)
                         ~~~~~~~~~~~~~~~~~^^^^^
  File "C:\Users\ADMIN\Documents\GitHub\Automated-trading-site\.venv\Lib\site-packages\channels\layers.py", line 45, in make_backend
    return self._make_backend(name, config)
           ~~~~~~~~~~~~~~~~~~^^^^^^^^^^^^^^
  File "C:\Users\ADMIN\Documents\GitHub\Automated-trading-site\.venv\Lib\site-packages\channels\layers.py", line 73, in _make_backend
    raise InvalidChannelLayerError(
    ...<2 lines>...
    )
channels.exceptions.InvalidChannelLayerError: Cannot import BACKEND 'channels_redis.core.RedisChannelLayer' specified for default
[2026-07-14 20:27:28,851] ERROR daphne.server Exception inside application: Cannot import BACKEND 'channels_redis.core.RedisChannelLayer' specified for default
Traceback (most recent call last):
  File "C:\Users\ADMIN\Documents\GitHub\Automated-trading-site\.venv\Lib\site-packages\channels\layers.py", line 71, in _make_backend
    backend_class = import_string(backend_module)
  File "C:\Users\ADMIN\Documents\GitHub\Automated-trading-site\.venv\Lib\site-packages\django\utils\module_loading.py", line 30, in import_string
    return cached_import(module_path, class_name)
  File "C:\Users\ADMIN\Documents\GitHub\Automated-trading-site\.venv\Lib\site-packages\django\utils\module_loading.py", line 15, in cached_import
    module = import_module(module_path)
  File "C:\Python314\Lib\importlib\__init__.py", line 88, in import_module
    return _bootstrap._gcd_import(name[level:], package, level)
           ~~~~~~~~~~~~~~~~~~~~~~^^^^^^^^^^^^^^^^^^^^^^^^^^^^^^
  File "<frozen importlib._bootstrap>", line 1406, in _gcd_import
  File "<frozen importlib._bootstrap>", line 1371, in _find_and_load
  File "<frozen importlib._bootstrap>", line 1314, in _find_and_load_unlocked
  File "<frozen importlib._bootstrap>", line 491, in _call_with_frames_removed
  File "<frozen importlib._bootstrap>", line 1406, in _gcd_import
  File "<frozen importlib._bootstrap>", line 1371, in _find_and_load
  File "<frozen importlib._bootstrap>", line 1335, in _find_and_load_unlocked
ModuleNotFoundError: No module named 'channels_redis'

During handling of the above exception, another exception occurred:

Traceback (most recent call last):
  File "C:\Users\ADMIN\Documents\GitHub\Automated-trading-site\.venv\Lib\site-packages\django\contrib\staticfiles\handlers.py", line 101, in __call__
    return await self.application(scope, receive, send)
           ^^^^^^^^^^^^^^^^^^^^^^^^^^^^^^^^^^^^^^^^^^^^
  File "C:\Users\ADMIN\Documents\GitHub\Automated-trading-site\.venv\Lib\site-packages\channels\routing.py", line 48, in __call__
    return await application(scope, receive, send)
           ^^^^^^^^^^^^^^^^^^^^^^^^^^^^^^^^^^^^^^^
  File "C:\Users\ADMIN\Documents\GitHub\Automated-trading-site\.venv\Lib\site-packages\channels\sessions.py", line 44, in __call__
    return await self.inner(dict(scope, cookies=cookies), receive, send)
           ^^^^^^^^^^^^^^^^^^^^^^^^^^^^^^^^^^^^^^^^^^^^^^^^^^^^^^^^^^^^^
  File "C:\Users\ADMIN\Documents\GitHub\Automated-trading-site\.venv\Lib\site-packages\channels\sessions.py", line 261, in __call__
    return await self.inner(wrapper.scope, receive, wrapper.send)
           ^^^^^^^^^^^^^^^^^^^^^^^^^^^^^^^^^^^^^^^^^^^^^^^^^^^^^^
  File "C:\Users\ADMIN\Documents\GitHub\Automated-trading-site\.venv\Lib\site-packages\channels\auth.py", line 185, in __call__
    return await super().__call__(scope, receive, send)
           ^^^^^^^^^^^^^^^^^^^^^^^^^^^^^^^^^^^^^^^^^^^^
  File "C:\Users\ADMIN\Documents\GitHub\Automated-trading-site\.venv\Lib\site-packages\channels\middleware.py", line 24, in __call__
    return await self.inner(scope, receive, send)
           ^^^^^^^^^^^^^^^^^^^^^^^^^^^^^^^^^^^^^^
  File "C:\Users\ADMIN\Documents\GitHub\Automated-trading-site\.venv\Lib\site-packages\channels\routing.py", line 118, in __call__
    return await application(
           ^^^^^^^^^^^^^^^^^^
    ...<10 lines>...
    )
    ^
  File "C:\Users\ADMIN\Documents\GitHub\Automated-trading-site\.venv\Lib\site-packages\channels\consumer.py", line 95, in app
    return await consumer(scope, receive, send)
           ^^^^^^^^^^^^^^^^^^^^^^^^^^^^^^^^^^^^
  File "C:\Users\ADMIN\Documents\GitHub\Automated-trading-site\.venv\Lib\site-packages\channels\consumer.py", line 44, in __call__
    self.channel_layer = get_channel_layer(self.channel_layer_alias)
                         ~~~~~~~~~~~~~~~~~^^^^^^^^^^^^^^^^^^^^^^^^^^
  File "C:\Users\ADMIN\Documents\GitHub\Automated-trading-site\.venv\Lib\site-packages\channels\layers.py", line 411, in get_channel_layer
    return channel_layers[alias]
           ~~~~~~~~~~~~~~^^^^^^^
  File "C:\Users\ADMIN\Documents\GitHub\Automated-trading-site\.venv\Lib\site-packages\channels\layers.py", line 83, in __getitem__
    self.backends[key] = self.make_backend(key)
                         ~~~~~~~~~~~~~~~~~^^^^^
  File "C:\Users\ADMIN\Documents\GitHub\Automated-trading-site\.venv\Lib\site-packages\channels\layers.py", line 45, in make_backend
    return self._make_backend(name, config)
           ~~~~~~~~~~~~~~~~~~^^^^^^^^^^^^^^
  File "C:\Users\ADMIN\Documents\GitHub\Automated-trading-site\.venv\Lib\site-packages\channels\layers.py", line 73, in _make_backend
    raise InvalidChannelLayerError(
    ...<2 lines>...
    )
channels.exceptions.InvalidChannelLayerError: Cannot import BACKEND 'channels_redis.core.RedisChannelLayer' specified for default
[2026-07-14 20:27:29,865] ERROR daphne.server Exception inside application: Cannot import BACKEND 'channels_redis.core.RedisChannelLayer' specified for default
Traceback (most recent call last):
  File "C:\Users\ADMIN\Documents\GitHub\Automated-trading-site\.venv\Lib\site-packages\channels\layers.py", line 71, in _make_backend
    backend_class = import_string(backend_module)
  File "C:\Users\ADMIN\Documents\GitHub\Automated-trading-site\.venv\Lib\site-packages\django\utils\module_loading.py", line 30, in import_string
    return cached_import(module_path, class_name)
  File "C:\Users\ADMIN\Documents\GitHub\Automated-trading-site\.venv\Lib\site-packages\django\utils\module_loading.py", line 15, in cached_import
    module = import_module(module_path)
  File "C:\Python314\Lib\importlib\__init__.py", line 88, in import_module
    return _bootstrap._gcd_import(name[level:], package, level)
           ~~~~~~~~~~~~~~~~~~~~~~^^^^^^^^^^^^^^^^^^^^^^^^^^^^^^
  File "<frozen importlib._bootstrap>", line 1406, in _gcd_import
  File "<frozen importlib._bootstrap>", line 1371, in _find_and_load
  File "<frozen importlib._bootstrap>", line 1314, in _find_and_load_unlocked
  File "<frozen importlib._bootstrap>", line 491, in _call_with_frames_removed
  File "<frozen importlib._bootstrap>", line 1406, in _gcd_import
  File "<frozen importlib._bootstrap>", line 1371, in _find_and_load
  File "<frozen importlib._bootstrap>", line 1335, in _find_and_load_unlocked
ModuleNotFoundError: No module named 'channels_redis'

During handling of the above exception, another exception occurred:

Traceback (most recent call last):
  File "C:\Users\ADMIN\Documents\GitHub\Automated-trading-site\.venv\Lib\site-packages\django\contrib\staticfiles\handlers.py", line 101, in __call__
    return await self.application(scope, receive, send)
           ^^^^^^^^^^^^^^^^^^^^^^^^^^^^^^^^^^^^^^^^^^^^
  File "C:\Users\ADMIN\Documents\GitHub\Automated-trading-site\.venv\Lib\site-packages\channels\routing.py", line 48, in __call__
    return await application(scope, receive, send)
           ^^^^^^^^^^^^^^^^^^^^^^^^^^^^^^^^^^^^^^^
  File "C:\Users\ADMIN\Documents\GitHub\Automated-trading-site\.venv\Lib\site-packages\channels\sessions.py", line 44, in __call__
    return await self.inner(dict(scope, cookies=cookies), receive, send)
           ^^^^^^^^^^^^^^^^^^^^^^^^^^^^^^^^^^^^^^^^^^^^^^^^^^^^^^^^^^^^^
  File "C:\Users\ADMIN\Documents\GitHub\Automated-trading-site\.venv\Lib\site-packages\channels\sessions.py", line 261, in __call__
    return await self.inner(wrapper.scope, receive, wrapper.send)
           ^^^^^^^^^^^^^^^^^^^^^^^^^^^^^^^^^^^^^^^^^^^^^^^^^^^^^^
  File "C:\Users\ADMIN\Documents\GitHub\Automated-trading-site\.venv\Lib\site-packages\channels\auth.py", line 185, in __call__
    return await super().__call__(scope, receive, send)
           ^^^^^^^^^^^^^^^^^^^^^^^^^^^^^^^^^^^^^^^^^^^^
  File "C:\Users\ADMIN\Documents\GitHub\Automated-trading-site\.venv\Lib\site-packages\channels\middleware.py", line 24, in __call__
    return await self.inner(scope, receive, send)
           ^^^^^^^^^^^^^^^^^^^^^^^^^^^^^^^^^^^^^^
  File "C:\Users\ADMIN\Documents\GitHub\Automated-trading-site\.venv\Lib\site-packages\channels\routing.py", line 118, in __call__
    return await application(
           ^^^^^^^^^^^^^^^^^^
    ...<10 lines>...
    )
    ^
  File "C:\Users\ADMIN\Documents\GitHub\Automated-trading-site\.venv\Lib\site-packages\channels\consumer.py", line 95, in app
    return await consumer(scope, receive, send)
           ^^^^^^^^^^^^^^^^^^^^^^^^^^^^^^^^^^^^
  File "C:\Users\ADMIN\Documents\GitHub\Automated-trading-site\.venv\Lib\site-packages\channels\consumer.py", line 44, in __call__
    self.channel_layer = get_channel_layer(self.channel_layer_alias)
                         ~~~~~~~~~~~~~~~~~^^^^^^^^^^^^^^^^^^^^^^^^^^
  File "C:\Users\ADMIN\Documents\GitHub\Automated-trading-site\.venv\Lib\site-packages\channels\layers.py", line 411, in get_channel_layer
    return channel_layers[alias]
           ~~~~~~~~~~~~~~^^^^^^^
  File "C:\Users\ADMIN\Documents\GitHub\Automated-trading-site\.venv\Lib\site-packages\channels\layers.py", line 83, in __getitem__
    self.backends[key] = self.make_backend(key)
                         ~~~~~~~~~~~~~~~~~^^^^^
  File "C:\Users\ADMIN\Documents\GitHub\Automated-trading-site\.venv\Lib\site-packages\channels\layers.py", line 45, in make_backend
    return self._make_backend(name, config)
           ~~~~~~~~~~~~~~~~~~^^^^^^^^^^^^^^
  File "C:\Users\ADMIN\Documents\GitHub\Automated-trading-site\.venv\Lib\site-packages\channels\layers.py", line 73, in _make_backend
    raise InvalidChannelLayerError(
    ...<2 lines>...
    )
channels.exceptions.InvalidChannelLayerError: Cannot import BACKEND 'channels_redis.core.RedisChannelLayer' specified for default
[2026-07-14 20:27:30,881] ERROR daphne.server Exception inside application: Cannot import BACKEND 'channels_redis.core.RedisChannelLayer' specified for default
Traceback (most recent call last):
  File "C:\Users\ADMIN\Documents\GitHub\Automated-trading-site\.venv\Lib\site-packages\channels\layers.py", line 71, in _make_backend
    backend_class = import_string(backend_module)
  File "C:\Users\ADMIN\Documents\GitHub\Automated-trading-site\.venv\Lib\site-packages\django\utils\module_loading.py", line 30, in import_string
    return cached_import(module_path, class_name)
  File "C:\Users\ADMIN\Documents\GitHub\Automated-trading-site\.venv\Lib\site-packages\django\utils\module_loading.py", line 15, in cached_import
    module = import_module(module_path)
  File "C:\Python314\Lib\importlib\__init__.py", line 88, in import_module
    return _bootstrap._gcd_import(name[level:], package, level)
           ~~~~~~~~~~~~~~~~~~~~~~^^^^^^^^^^^^^^^^^^^^^^^^^^^^^^
  File "<frozen importlib._bootstrap>", line 1406, in _gcd_import
  File "<frozen importlib._bootstrap>", line 1371, in _find_and_load
  File "<frozen importlib._bootstrap>", line 1314, in _find_and_load_unlocked
  File "<frozen importlib._bootstrap>", line 491, in _call_with_frames_removed
  File "<frozen importlib._bootstrap>", line 1406, in _gcd_import
  File "<frozen importlib._bootstrap>", line 1371, in _find_and_load
  File "<frozen importlib._bootstrap>", line 1335, in _find_and_load_unlocked
ModuleNotFoundError: No module named 'channels_redis'

During handling of the above exception, another exception occurred:

Traceback (most recent call last):
  File "C:\Users\ADMIN\Documents\GitHub\Automated-trading-site\.venv\Lib\site-packages\django\contrib\staticfiles\handlers.py", line 101, in __call__
    return await self.application(scope, receive, send)
           ^^^^^^^^^^^^^^^^^^^^^^^^^^^^^^^^^^^^^^^^^^^^
  File "C:\Users\ADMIN\Documents\GitHub\Automated-trading-site\.venv\Lib\site-packages\channels\routing.py", line 48, in __call__
    return await application(scope, receive, send)
           ^^^^^^^^^^^^^^^^^^^^^^^^^^^^^^^^^^^^^^^
  File "C:\Users\ADMIN\Documents\GitHub\Automated-trading-site\.venv\Lib\site-packages\channels\sessions.py", line 44, in __call__
    return await self.inner(dict(scope, cookies=cookies), receive, send)
           ^^^^^^^^^^^^^^^^^^^^^^^^^^^^^^^^^^^^^^^^^^^^^^^^^^^^^^^^^^^^^
  File "C:\Users\ADMIN\Documents\GitHub\Automated-trading-site\.venv\Lib\site-packages\channels\sessions.py", line 261, in __call__
    return await self.inner(wrapper.scope, receive, wrapper.send)
           ^^^^^^^^^^^^^^^^^^^^^^^^^^^^^^^^^^^^^^^^^^^^^^^^^^^^^^
  File "C:\Users\ADMIN\Documents\GitHub\Automated-trading-site\.venv\Lib\site-packages\channels\auth.py", line 185, in __call__
    return await super().__call__(scope, receive, send)
           ^^^^^^^^^^^^^^^^^^^^^^^^^^^^^^^^^^^^^^^^^^^^
  File "C:\Users\ADMIN\Documents\GitHub\Automated-trading-site\.venv\Lib\site-packages\channels\middleware.py", line 24, in __call__
    return await self.inner(scope, receive, send)
           ^^^^^^^^^^^^^^^^^^^^^^^^^^^^^^^^^^^^^^
  File "C:\Users\ADMIN\Documents\GitHub\Automated-trading-site\.venv\Lib\site-packages\channels\routing.py", line 118, in __call__
    return await application(
           ^^^^^^^^^^^^^^^^^^
    ...<10 lines>...
    )
    ^
  File "C:\Users\ADMIN\Documents\GitHub\Automated-trading-site\.venv\Lib\site-packages\channels\consumer.py", line 95, in app
    return await consumer(scope, receive, send)
           ^^^^^^^^^^^^^^^^^^^^^^^^^^^^^^^^^^^^
  File "C:\Users\ADMIN\Documents\GitHub\Automated-trading-site\.venv\Lib\site-packages\channels\consumer.py", line 44, in __call__
    self.channel_layer = get_channel_layer(self.channel_layer_alias)
                         ~~~~~~~~~~~~~~~~~^^^^^^^^^^^^^^^^^^^^^^^^^^
  File "C:\Users\ADMIN\Documents\GitHub\Automated-trading-site\.venv\Lib\site-packages\channels\layers.py", line 411, in get_channel_layer
    return channel_layers[alias]
           ~~~~~~~~~~~~~~^^^^^^^
  File "C:\Users\ADMIN\Documents\GitHub\Automated-trading-site\.venv\Lib\site-packages\channels\layers.py", line 83, in __getitem__
    self.backends[key] = self.make_backend(key)
                         ~~~~~~~~~~~~~~~~~^^^^^
  File "C:\Users\ADMIN\Documents\GitHub\Automated-trading-site\.venv\Lib\site-packages\channels\layers.py", line 45, in make_backend
    return self._make_backend(name, config)
           ~~~~~~~~~~~~~~~~~~^^^^^^^^^^^^^^
  File "C:\Users\ADMIN\Documents\GitHub\Automated-trading-site\.venv\Lib\site-packages\channels\layers.py", line 73, in _make_backend
    raise InvalidChannelLayerError(
    ...<2 lines>...
    )
channels.exceptions.InvalidChannelLayerError: Cannot import BACKEND 'channels_redis.core.RedisChannelLayer' specified for default
[2026-07-14 20:27:31,895] ERROR daphne.server Exception inside application: Cannot import BACKEND 'channels_redis.core.RedisChannelLayer' specified for default
Traceback (most recent call last):
  File "C:\Users\ADMIN\Documents\GitHub\Automated-trading-site\.venv\Lib\site-packages\channels\layers.py", line 71, in _make_backend
    backend_class = import_string(backend_module)
  File "C:\Users\ADMIN\Documents\GitHub\Automated-trading-site\.venv\Lib\site-packages\django\utils\module_loading.py", line 30, in import_string
    return cached_import(module_path, class_name)
  File "C:\Users\ADMIN\Documents\GitHub\Automated-trading-site\.venv\Lib\site-packages\django\utils\module_loading.py", line 15, in cached_import
    module = import_module(module_path)
  File "C:\Python314\Lib\importlib\__init__.py", line 88, in import_module
    return _bootstrap._gcd_import(name[level:], package, level)
           ~~~~~~~~~~~~~~~~~~~~~~^^^^^^^^^^^^^^^^^^^^^^^^^^^^^^
  File "<frozen importlib._bootstrap>", line 1406, in _gcd_import
  File "<frozen importlib._bootstrap>", line 1371, in _find_and_load
  File "<frozen importlib._bootstrap>", line 1314, in _find_and_load_unlocked
  File "<frozen importlib._bootstrap>", line 491, in _call_with_frames_removed
  File "<frozen importlib._bootstrap>", line 1406, in _gcd_import
  File "<frozen importlib._bootstrap>", line 1371, in _find_and_load
  File "<frozen importlib._bootstrap>", line 1335, in _find_and_load_unlocked
ModuleNotFoundError: No module named 'channels_redis'

During handling of the above exception, another exception occurred:

Traceback (most recent call last):
  File "C:\Users\ADMIN\Documents\GitHub\Automated-trading-site\.venv\Lib\site-packages\django\contrib\staticfiles\handlers.py", line 101, in __call__
    return await self.application(scope, receive, send)
           ^^^^^^^^^^^^^^^^^^^^^^^^^^^^^^^^^^^^^^^^^^^^
  File "C:\Users\ADMIN\Documents\GitHub\Automated-trading-site\.venv\Lib\site-packages\channels\routing.py", line 48, in __call__
    return await application(scope, receive, send)
           ^^^^^^^^^^^^^^^^^^^^^^^^^^^^^^^^^^^^^^^
  File "C:\Users\ADMIN\Documents\GitHub\Automated-trading-site\.venv\Lib\site-packages\channels\sessions.py", line 44, in __call__
    return await self.inner(dict(scope, cookies=cookies), receive, send)
           ^^^^^^^^^^^^^^^^^^^^^^^^^^^^^^^^^^^^^^^^^^^^^^^^^^^^^^^^^^^^^
  File "C:\Users\ADMIN\Documents\GitHub\Automated-trading-site\.venv\Lib\site-packages\channels\sessions.py", line 261, in __call__
    return await self.inner(wrapper.scope, receive, wrapper.send)
           ^^^^^^^^^^^^^^^^^^^^^^^^^^^^^^^^^^^^^^^^^^^^^^^^^^^^^^
  File "C:\Users\ADMIN\Documents\GitHub\Automated-trading-site\.venv\Lib\site-packages\channels\auth.py", line 185, in __call__
    return await super().__call__(scope, receive, send)
           ^^^^^^^^^^^^^^^^^^^^^^^^^^^^^^^^^^^^^^^^^^^^
  File "C:\Users\ADMIN\Documents\GitHub\Automated-trading-site\.venv\Lib\site-packages\channels\middleware.py", line 24, in __call__
    return await self.inner(scope, receive, send)
           ^^^^^^^^^^^^^^^^^^^^^^^^^^^^^^^^^^^^^^
  File "C:\Users\ADMIN\Documents\GitHub\Automated-trading-site\.venv\Lib\site-packages\channels\routing.py", line 118, in __call__
    return await application(
           ^^^^^^^^^^^^^^^^^^
    ...<10 lines>...
    )
    ^
  File "C:\Users\ADMIN\Documents\GitHub\Automated-trading-site\.venv\Lib\site-packages\channels\consumer.py", line 95, in app
    return await consumer(scope, receive, send)
           ^^^^^^^^^^^^^^^^^^^^^^^^^^^^^^^^^^^^
  File "C:\Users\ADMIN\Documents\GitHub\Automated-trading-site\.venv\Lib\site-packages\channels\consumer.py", line 44, in __call__
    self.channel_layer = get_channel_layer(self.channel_layer_alias)
                         ~~~~~~~~~~~~~~~~~^^^^^^^^^^^^^^^^^^^^^^^^^^
  File "C:\Users\ADMIN\Documents\GitHub\Automated-trading-site\.venv\Lib\site-packages\channels\layers.py", line 411, in get_channel_layer
    return channel_layers[alias]
           ~~~~~~~~~~~~~~^^^^^^^
  File "C:\Users\ADMIN\Documents\GitHub\Automated-trading-site\.venv\Lib\site-packages\channels\layers.py", line 83, in __getitem__
    self.backends[key] = self.make_backend(key)
                         ~~~~~~~~~~~~~~~~~^^^^^
  File "C:\Users\ADMIN\Documents\GitHub\Automated-trading-site\.venv\Lib\site-packages\channels\layers.py", line 45, in make_backend
    return self._make_backend(name, config)
           ~~~~~~~~~~~~~~~~~~^^^^^^^^^^^^^^
  File "C:\Users\ADMIN\Documents\GitHub\Automated-trading-site\.venv\Lib\site-packages\channels\layers.py", line 73, in _make_backend
    raise InvalidChannelLayerError(
    ...<2 lines>...
    )
channels.exceptions.InvalidChannelLayerError: Cannot import BACKEND 'channels_redis.core.RedisChannelLayer' specified for default
[2026-07-14 20:27:32,916] ERROR daphne.server Exception inside application: Cannot import BACKEND 'channels_redis.core.RedisChannelLayer' specified for default
Traceback (most recent call last):
  File "C:\Users\ADMIN\Documents\GitHub\Automated-trading-site\.venv\Lib\site-packages\channels\layers.py", line 71, in _make_backend
    backend_class = import_string(backend_module)
  File "C:\Users\ADMIN\Documents\GitHub\Automated-trading-site\.venv\Lib\site-packages\django\utils\module_loading.py", line 30, in import_string
    return cached_import(module_path, class_name)
  File "C:\Users\ADMIN\Documents\GitHub\Automated-trading-site\.venv\Lib\site-packages\django\utils\module_loading.py", line 15, in cached_import
    module = import_module(module_path)
  File "C:\Python314\Lib\importlib\__init__.py", line 88, in import_module
    return _bootstrap._gcd_import(name[level:], package, level)
           ~~~~~~~~~~~~~~~~~~~~~~^^^^^^^^^^^^^^^^^^^^^^^^^^^^^^
  File "<frozen importlib._bootstrap>", line 1406, in _gcd_import
  File "<frozen importlib._bootstrap>", line 1371, in _find_and_load
  File "<frozen importlib._bootstrap>", line 1314, in _find_and_load_unlocked
  File "<frozen importlib._bootstrap>", line 491, in _call_with_frames_removed
  File "<frozen importlib._bootstrap>", line 1406, in _gcd_import
  File "<frozen importlib._bootstrap>", line 1371, in _find_and_load
  File "<frozen importlib._bootstrap>", line 1335, in _find_and_load_unlocked
ModuleNotFoundError: No module named 'channels_redis'

During handling of the above exception, another exception occurred:

Traceback (most recent call last):
  File "C:\Users\ADMIN\Documents\GitHub\Automated-trading-site\.venv\Lib\site-packages\django\contrib\staticfiles\handlers.py", line 101, in __call__
    return await self.application(scope, receive, send)
           ^^^^^^^^^^^^^^^^^^^^^^^^^^^^^^^^^^^^^^^^^^^^
  File "C:\Users\ADMIN\Documents\GitHub\Automated-trading-site\.venv\Lib\site-packages\channels\routing.py", line 48, in __call__
    return await application(scope, receive, send)
           ^^^^^^^^^^^^^^^^^^^^^^^^^^^^^^^^^^^^^^^
  File "C:\Users\ADMIN\Documents\GitHub\Automated-trading-site\.venv\Lib\site-packages\channels\sessions.py", line 44, in __call__
    return await self.inner(dict(scope, cookies=cookies), receive, send)
           ^^^^^^^^^^^^^^^^^^^^^^^^^^^^^^^^^^^^^^^^^^^^^^^^^^^^^^^^^^^^^
  File "C:\Users\ADMIN\Documents\GitHub\Automated-trading-site\.venv\Lib\site-packages\channels\sessions.py", line 261, in __call__
    return await self.inner(wrapper.scope, receive, wrapper.send)
           ^^^^^^^^^^^^^^^^^^^^^^^^^^^^^^^^^^^^^^^^^^^^^^^^^^^^^^
  File "C:\Users\ADMIN\Documents\GitHub\Automated-trading-site\.venv\Lib\site-packages\channels\auth.py", line 185, in __call__
    return await super().__call__(scope, receive, send)
           ^^^^^^^^^^^^^^^^^^^^^^^^^^^^^^^^^^^^^^^^^^^^
  File "C:\Users\ADMIN\Documents\GitHub\Automated-trading-site\.venv\Lib\site-packages\channels\middleware.py", line 24, in __call__
    return await self.inner(scope, receive, send)
           ^^^^^^^^^^^^^^^^^^^^^^^^^^^^^^^^^^^^^^
  File "C:\Users\ADMIN\Documents\GitHub\Automated-trading-site\.venv\Lib\site-packages\channels\routing.py", line 118, in __call__
    return await application(
           ^^^^^^^^^^^^^^^^^^
    ...<10 lines>...
    )
    ^
  File "C:\Users\ADMIN\Documents\GitHub\Automated-trading-site\.venv\Lib\site-packages\channels\consumer.py", line 95, in app
    return await consumer(scope, receive, send)
           ^^^^^^^^^^^^^^^^^^^^^^^^^^^^^^^^^^^^
  File "C:\Users\ADMIN\Documents\GitHub\Automated-trading-site\.venv\Lib\site-packages\channels\consumer.py", line 44, in __call__
    self.channel_layer = get_channel_layer(self.channel_layer_alias)
                         ~~~~~~~~~~~~~~~~~^^^^^^^^^^^^^^^^^^^^^^^^^^
  File "C:\Users\ADMIN\Documents\GitHub\Automated-trading-site\.venv\Lib\site-packages\channels\layers.py", line 411, in get_channel_layer
    return channel_layers[alias]
           ~~~~~~~~~~~~~~^^^^^^^
  File "C:\Users\ADMIN\Documents\GitHub\Automated-trading-site\.venv\Lib\site-packages\channels\layers.py", line 83, in __getitem__
    self.backends[key] = self.make_backend(key)
                         ~~~~~~~~~~~~~~~~~^^^^^
  File "C:\Users\ADMIN\Documents\GitHub\Automated-trading-site\.venv\Lib\site-packages\channels\layers.py", line 45, in make_backend
    return self._make_backend(name, config)
           ~~~~~~~~~~~~~~~~~~^^^^^^^^^^^^^^
  File "C:\Users\ADMIN\Documents\GitHub\Automated-trading-site\.venv\Lib\site-packages\channels\layers.py", line 73, in _make_backend
    raise InvalidChannelLayerError(
    ...<2 lines>...
    )
channels.exceptions.InvalidChannelLayerError: Cannot import BACKEND 'channels_redis.core.RedisChannelLayer' specified for default
[2026-07-14 20:27:33,932] ERROR daphne.server Exception inside application: Cannot import BACKEND 'channels_redis.core.RedisChannelLayer' specified for default
Traceback (most recent call last):
  File "C:\Users\ADMIN\Documents\GitHub\Automated-trading-site\.venv\Lib\site-packages\channels\layers.py", line 71, in _make_backend
    backend_class = import_string(backend_module)
  File "C:\Users\ADMIN\Documents\GitHub\Automated-trading-site\.venv\Lib\site-packages\django\utils\module_loading.py", line 30, in import_string
    return cached_import(module_path, class_name)
  File "C:\Users\ADMIN\Documents\GitHub\Automated-trading-site\.venv\Lib\site-packages\django\utils\module_loading.py", line 15, in cached_import
    module = import_module(module_path)
  File "C:\Python314\Lib\importlib\__init__.py", line 88, in import_module
    return _bootstrap._gcd_import(name[level:], package, level)
           ~~~~~~~~~~~~~~~~~~~~~~^^^^^^^^^^^^^^^^^^^^^^^^^^^^^^
  File "<frozen importlib._bootstrap>", line 1406, in _gcd_import
  File "<frozen importlib._bootstrap>", line 1371, in _find_and_load
  File "<frozen importlib._bootstrap>", line 1314, in _find_and_load_unlocked
  File "<frozen importlib._bootstrap>", line 491, in _call_with_frames_removed
  File "<frozen importlib._bootstrap>", line 1406, in _gcd_import
  File "<frozen importlib._bootstrap>", line 1371, in _find_and_load
  File "<frozen importlib._bootstrap>", line 1335, in _find_and_load_unlocked
ModuleNotFoundError: No module named 'channels_redis'

During handling of the above exception, another exception occurred:

Traceback (most recent call last):
  File "C:\Users\ADMIN\Documents\GitHub\Automated-trading-site\.venv\Lib\site-packages\django\contrib\staticfiles\handlers.py", line 101, in __call__
    return await self.application(scope, receive, send)
           ^^^^^^^^^^^^^^^^^^^^^^^^^^^^^^^^^^^^^^^^^^^^
  File "C:\Users\ADMIN\Documents\GitHub\Automated-trading-site\.venv\Lib\site-packages\channels\routing.py", line 48, in __call__
    return await application(scope, receive, send)
           ^^^^^^^^^^^^^^^^^^^^^^^^^^^^^^^^^^^^^^^
  File "C:\Users\ADMIN\Documents\GitHub\Automated-trading-site\.venv\Lib\site-packages\channels\sessions.py", line 44, in __call__
    return await self.inner(dict(scope, cookies=cookies), receive, send)
           ^^^^^^^^^^^^^^^^^^^^^^^^^^^^^^^^^^^^^^^^^^^^^^^^^^^^^^^^^^^^^
  File "C:\Users\ADMIN\Documents\GitHub\Automated-trading-site\.venv\Lib\site-packages\channels\sessions.py", line 261, in __call__
    return await self.inner(wrapper.scope, receive, wrapper.send)
           ^^^^^^^^^^^^^^^^^^^^^^^^^^^^^^^^^^^^^^^^^^^^^^^^^^^^^^
  File "C:\Users\ADMIN\Documents\GitHub\Automated-trading-site\.venv\Lib\site-packages\channels\auth.py", line 185, in __call__
    return await super().__call__(scope, receive, send)
           ^^^^^^^^^^^^^^^^^^^^^^^^^^^^^^^^^^^^^^^^^^^^
  File "C:\Users\ADMIN\Documents\GitHub\Automated-trading-site\.venv\Lib\site-packages\channels\middleware.py", line 24, in __call__
    return await self.inner(scope, receive, send)
           ^^^^^^^^^^^^^^^^^^^^^^^^^^^^^^^^^^^^^^
  File "C:\Users\ADMIN\Documents\GitHub\Automated-trading-site\.venv\Lib\site-packages\channels\routing.py", line 118, in __call__
    return await application(
           ^^^^^^^^^^^^^^^^^^
    ...<10 lines>...
    )
    ^
  File "C:\Users\ADMIN\Documents\GitHub\Automated-trading-site\.venv\Lib\site-packages\channels\consumer.py", line 95, in app
    return await consumer(scope, receive, send)
           ^^^^^^^^^^^^^^^^^^^^^^^^^^^^^^^^^^^^
  File "C:\Users\ADMIN\Documents\GitHub\Automated-trading-site\.venv\Lib\site-packages\channels\consumer.py", line 44, in __call__
    self.channel_layer = get_channel_layer(self.channel_layer_alias)
                         ~~~~~~~~~~~~~~~~~^^^^^^^^^^^^^^^^^^^^^^^^^^
  File "C:\Users\ADMIN\Documents\GitHub\Automated-trading-site\.venv\Lib\site-packages\channels\layers.py", line 411, in get_channel_layer
    return channel_layers[alias]
           ~~~~~~~~~~~~~~^^^^^^^
  File "C:\Users\ADMIN\Documents\GitHub\Automated-trading-site\.venv\Lib\site-packages\channels\layers.py", line 83, in __getitem__
    self.backends[key] = self.make_backend(key)
                         ~~~~~~~~~~~~~~~~~^^^^^
  File "C:\Users\ADMIN\Documents\GitHub\Automated-trading-site\.venv\Lib\site-packages\channels\layers.py", line 45, in make_backend
    return self._make_backend(name, config)
           ~~~~~~~~~~~~~~~~~~^^^^^^^^^^^^^^
  File "C:\Users\ADMIN\Documents\GitHub\Automated-trading-site\.venv\Lib\site-packages\channels\layers.py", line 73, in _make_backend
    raise InvalidChannelLayerError(
    ...<2 lines>...
    )
channels.exceptions.InvalidChannelLayerError: Cannot import BACKEND 'channels_redis.core.RedisChannelLayer' specified for default
[2026-07-14 20:27:34,947] ERROR daphne.server Exception inside application: Cannot import BACKEND 'channels_redis.core.RedisChannelLayer' specified for default
Traceback (most recent call last):
  File "C:\Users\ADMIN\Documents\GitHub\Automated-trading-site\.venv\Lib\site-packages\channels\layers.py", line 71, in _make_backend
    backend_class = import_string(backend_module)
  File "C:\Users\ADMIN\Documents\GitHub\Automated-trading-site\.venv\Lib\site-packages\django\utils\module_loading.py", line 30, in import_string
    return cached_import(module_path, class_name)
  File "C:\Users\ADMIN\Documents\GitHub\Automated-trading-site\.venv\Lib\site-packages\django\utils\module_loading.py", line 15, in cached_import
    module = import_module(module_path)
  File "C:\Python314\Lib\importlib\__init__.py", line 88, in import_module
    return _bootstrap._gcd_import(name[level:], package, level)
           ~~~~~~~~~~~~~~~~~~~~~~^^^^^^^^^^^^^^^^^^^^^^^^^^^^^^
  File "<frozen importlib._bootstrap>", line 1406, in _gcd_import
  File "<frozen importlib._bootstrap>", line 1371, in _find_and_load
  File "<frozen importlib._bootstrap>", line 1314, in _find_and_load_unlocked
  File "<frozen importlib._bootstrap>", line 491, in _call_with_frames_removed
  File "<frozen importlib._bootstrap>", line 1406, in _gcd_import
  File "<frozen importlib._bootstrap>", line 1371, in _find_and_load
  File "<frozen importlib._bootstrap>", line 1335, in _find_and_load_unlocked
ModuleNotFoundError: No module named 'channels_redis'

During handling of the above exception, another exception occurred:

Traceback (most recent call last):
  File "C:\Users\ADMIN\Documents\GitHub\Automated-trading-site\.venv\Lib\site-packages\django\contrib\staticfiles\handlers.py", line 101, in __call__
    return await self.application(scope, receive, send)
           ^^^^^^^^^^^^^^^^^^^^^^^^^^^^^^^^^^^^^^^^^^^^
  File "C:\Users\ADMIN\Documents\GitHub\Automated-trading-site\.venv\Lib\site-packages\channels\routing.py", line 48, in __call__
    return await application(scope, receive, send)
           ^^^^^^^^^^^^^^^^^^^^^^^^^^^^^^^^^^^^^^^
  File "C:\Users\ADMIN\Documents\GitHub\Automated-trading-site\.venv\Lib\site-packages\channels\sessions.py", line 44, in __call__
    return await self.inner(dict(scope, cookies=cookies), receive, send)
           ^^^^^^^^^^^^^^^^^^^^^^^^^^^^^^^^^^^^^^^^^^^^^^^^^^^^^^^^^^^^^
  File "C:\Users\ADMIN\Documents\GitHub\Automated-trading-site\.venv\Lib\site-packages\channels\sessions.py", line 261, in __call__
    return await self.inner(wrapper.scope, receive, wrapper.send)
           ^^^^^^^^^^^^^^^^^^^^^^^^^^^^^^^^^^^^^^^^^^^^^^^^^^^^^^
  File "C:\Users\ADMIN\Documents\GitHub\Automated-trading-site\.venv\Lib\site-packages\channels\auth.py", line 185, in __call__
    return await super().__call__(scope, receive, send)
           ^^^^^^^^^^^^^^^^^^^^^^^^^^^^^^^^^^^^^^^^^^^^
  File "C:\Users\ADMIN\Documents\GitHub\Automated-trading-site\.venv\Lib\site-packages\channels\middleware.py", line 24, in __call__
    return await self.inner(scope, receive, send)
           ^^^^^^^^^^^^^^^^^^^^^^^^^^^^^^^^^^^^^^
  File "C:\Users\ADMIN\Documents\GitHub\Automated-trading-site\.venv\Lib\site-packages\channels\routing.py", line 118, in __call__
    return await application(
           ^^^^^^^^^^^^^^^^^^
    ...<10 lines>...
    )
    ^
  File "C:\Users\ADMIN\Documents\GitHub\Automated-trading-site\.venv\Lib\site-packages\channels\consumer.py", line 95, in app
    return await consumer(scope, receive, send)
           ^^^^^^^^^^^^^^^^^^^^^^^^^^^^^^^^^^^^
  File "C:\Users\ADMIN\Documents\GitHub\Automated-trading-site\.venv\Lib\site-packages\channels\consumer.py", line 44, in __call__
    self.channel_layer = get_channel_layer(self.channel_layer_alias)
                         ~~~~~~~~~~~~~~~~~^^^^^^^^^^^^^^^^^^^^^^^^^^
  File "C:\Users\ADMIN\Documents\GitHub\Automated-trading-site\.venv\Lib\site-packages\channels\layers.py", line 411, in get_channel_layer
    return channel_layers[alias]
           ~~~~~~~~~~~~~~^^^^^^^
  File "C:\Users\ADMIN\Documents\GitHub\Automated-trading-site\.venv\Lib\site-packages\channels\layers.py", line 83, in __getitem__
    self.backends[key] = self.make_backend(key)
                         ~~~~~~~~~~~~~~~~~^^^^^
  File "C:\Users\ADMIN\Documents\GitHub\Automated-trading-site\.venv\Lib\site-packages\channels\layers.py", line 45, in make_backend
    return self._make_backend(name, config)
           ~~~~~~~~~~~~~~~~~~^^^^^^^^^^^^^^
  File "C:\Users\ADMIN\Documents\GitHub\Automated-trading-site\.venv\Lib\site-packages\channels\layers.py", line 73, in _make_backend
    raise InvalidChannelLayerError(
    ...<2 lines>...
    )
channels.exceptions.InvalidChannelLayerError: Cannot import BACKEND 'channels_redis.core.RedisChannelLayer' specified for default
[2026-07-14 20:27:35,968] ERROR daphne.server Exception inside application: Cannot import BACKEND 'channels_redis.core.RedisChannelLayer' specified for default
Traceback (most recent call last):
  File "C:\Users\ADMIN\Documents\GitHub\Automated-trading-site\.venv\Lib\site-packages\channels\layers.py", line 71, in _make_backend
    backend_class = import_string(backend_module)
  File "C:\Users\ADMIN\Documents\GitHub\Automated-trading-site\.venv\Lib\site-packages\django\utils\module_loading.py", line 30, in import_string
    return cached_import(module_path, class_name)
  File "C:\Users\ADMIN\Documents\GitHub\Automated-trading-site\.venv\Lib\site-packages\django\utils\module_loading.py", line 15, in cached_import
    module = import_module(module_path)
  File "C:\Python314\Lib\importlib\__init__.py", line 88, in import_module
    return _bootstrap._gcd_import(name[level:], package, level)
           ~~~~~~~~~~~~~~~~~~~~~~^^^^^^^^^^^^^^^^^^^^^^^^^^^^^^
  File "<frozen importlib._bootstrap>", line 1406, in _gcd_import
  File "<frozen importlib._bootstrap>", line 1371, in _find_and_load
  File "<frozen importlib._bootstrap>", line 1314, in _find_and_load_unlocked
  File "<frozen importlib._bootstrap>", line 491, in _call_with_frames_removed
  File "<frozen importlib._bootstrap>", line 1406, in _gcd_import
  File "<frozen importlib._bootstrap>", line 1371, in _find_and_load
  File "<frozen importlib._bootstrap>", line 1335, in _find_and_load_unlocked
ModuleNotFoundError: No module named 'channels_redis'

During handling of the above exception, another exception occurred:

Traceback (most recent call last):
  File "C:\Users\ADMIN\Documents\GitHub\Automated-trading-site\.venv\Lib\site-packages\django\contrib\staticfiles\handlers.py", line 101, in __call__
    return await self.application(scope, receive, send)
           ^^^^^^^^^^^^^^^^^^^^^^^^^^^^^^^^^^^^^^^^^^^^
  File "C:\Users\ADMIN\Documents\GitHub\Automated-trading-site\.venv\Lib\site-packages\channels\routing.py", line 48, in __call__
    return await application(scope, receive, send)
           ^^^^^^^^^^^^^^^^^^^^^^^^^^^^^^^^^^^^^^^
  File "C:\Users\ADMIN\Documents\GitHub\Automated-trading-site\.venv\Lib\site-packages\channels\sessions.py", line 44, in __call__
    return await self.inner(dict(scope, cookies=cookies), receive, send)
           ^^^^^^^^^^^^^^^^^^^^^^^^^^^^^^^^^^^^^^^^^^^^^^^^^^^^^^^^^^^^^
  File "C:\Users\ADMIN\Documents\GitHub\Automated-trading-site\.venv\Lib\site-packages\channels\sessions.py", line 261, in __call__
    return await self.inner(wrapper.scope, receive, wrapper.send)
           ^^^^^^^^^^^^^^^^^^^^^^^^^^^^^^^^^^^^^^^^^^^^^^^^^^^^^^
  File "C:\Users\ADMIN\Documents\GitHub\Automated-trading-site\.venv\Lib\site-packages\channels\auth.py", line 185, in __call__
    return await super().__call__(scope, receive, send)
           ^^^^^^^^^^^^^^^^^^^^^^^^^^^^^^^^^^^^^^^^^^^^
  File "C:\Users\ADMIN\Documents\GitHub\Automated-trading-site\.venv\Lib\site-packages\channels\middleware.py", line 24, in __call__
    return await self.inner(scope, receive, send)
           ^^^^^^^^^^^^^^^^^^^^^^^^^^^^^^^^^^^^^^
  File "C:\Users\ADMIN\Documents\GitHub\Automated-trading-site\.venv\Lib\site-packages\channels\routing.py", line 118, in __call__
    return await application(
           ^^^^^^^^^^^^^^^^^^
    ...<10 lines>...
    )
    ^
  File "C:\Users\ADMIN\Documents\GitHub\Automated-trading-site\.venv\Lib\site-packages\channels\consumer.py", line 95, in app
    return await consumer(scope, receive, send)
           ^^^^^^^^^^^^^^^^^^^^^^^^^^^^^^^^^^^^
  File "C:\Users\ADMIN\Documents\GitHub\Automated-trading-site\.venv\Lib\site-packages\channels\consumer.py", line 44, in __call__
    self.channel_layer = get_channel_layer(self.channel_layer_alias)
                         ~~~~~~~~~~~~~~~~~^^^^^^^^^^^^^^^^^^^^^^^^^^
  File "C:\Users\ADMIN\Documents\GitHub\Automated-trading-site\.venv\Lib\site-packages\channels\layers.py", line 411, in get_channel_layer
    return channel_layers[alias]
           ~~~~~~~~~~~~~~^^^^^^^
  File "C:\Users\ADMIN\Documents\GitHub\Automated-trading-site\.venv\Lib\site-packages\channels\layers.py", line 83, in __getitem__
    self.backends[key] = self.make_backend(key)
                         ~~~~~~~~~~~~~~~~~^^^^^
  File "C:\Users\ADMIN\Documents\GitHub\Automated-trading-site\.venv\Lib\site-packages\channels\layers.py", line 45, in make_backend
    return self._make_backend(name, config)
           ~~~~~~~~~~~~~~~~~~^^^^^^^^^^^^^^
  File "C:\Users\ADMIN\Documents\GitHub\Automated-trading-site\.venv\Lib\site-packages\channels\layers.py", line 73, in _make_backend
    raise InvalidChannelLayerError(
    ...<2 lines>...
    )
channels.exceptions.InvalidChannelLayerError: Cannot import BACKEND 'channels_redis.core.RedisChannelLayer' specified for default
[2026-07-14 20:27:36,987] ERROR daphne.server Exception inside application: Cannot import BACKEND 'channels_redis.core.RedisChannelLayer' specified for default
Traceback (most recent call last):
  File "C:\Users\ADMIN\Documents\GitHub\Automated-trading-site\.venv\Lib\site-packages\channels\layers.py", line 71, in _make_backend
    backend_class = import_string(backend_module)
  File "C:\Users\ADMIN\Documents\GitHub\Automated-trading-site\.venv\Lib\site-packages\django\utils\module_loading.py", line 30, in import_string
    return cached_import(module_path, class_name)
  File "C:\Users\ADMIN\Documents\GitHub\Automated-trading-site\.venv\Lib\site-packages\django\utils\module_loading.py", line 15, in cached_import
    module = import_module(module_path)
  File "C:\Python314\Lib\importlib\__init__.py", line 88, in import_module
    return _bootstrap._gcd_import(name[level:], package, level)
           ~~~~~~~~~~~~~~~~~~~~~~^^^^^^^^^^^^^^^^^^^^^^^^^^^^^^
  File "<frozen importlib._bootstrap>", line 1406, in _gcd_import
  File "<frozen importlib._bootstrap>", line 1371, in _find_and_load
  File "<frozen importlib._bootstrap>", line 1314, in _find_and_load_unlocked
  File "<frozen importlib._bootstrap>", line 491, in _call_with_frames_removed
  File "<frozen importlib._bootstrap>", line 1406, in _gcd_import
  File "<frozen importlib._bootstrap>", line 1371, in _find_and_load
  File "<frozen importlib._bootstrap>", line 1335, in _find_and_load_unlocked
ModuleNotFoundError: No module named 'channels_redis'

During handling of the above exception, another exception occurred:

Traceback (most recent call last):
  File "C:\Users\ADMIN\Documents\GitHub\Automated-trading-site\.venv\Lib\site-packages\django\contrib\staticfiles\handlers.py", line 101, in __call__
    return await self.application(scope, receive, send)
           ^^^^^^^^^^^^^^^^^^^^^^^^^^^^^^^^^^^^^^^^^^^^
  File "C:\Users\ADMIN\Documents\GitHub\Automated-trading-site\.venv\Lib\site-packages\channels\routing.py", line 48, in __call__
    return await application(scope, receive, send)
           ^^^^^^^^^^^^^^^^^^^^^^^^^^^^^^^^^^^^^^^
  File "C:\Users\ADMIN\Documents\GitHub\Automated-trading-site\.venv\Lib\site-packages\channels\sessions.py", line 44, in __call__
    return await self.inner(dict(scope, cookies=cookies), receive, send)
           ^^^^^^^^^^^^^^^^^^^^^^^^^^^^^^^^^^^^^^^^^^^^^^^^^^^^^^^^^^^^^
  File "C:\Users\ADMIN\Documents\GitHub\Automated-trading-site\.venv\Lib\site-packages\channels\sessions.py", line 261, in __call__
    return await self.inner(wrapper.scope, receive, wrapper.send)
           ^^^^^^^^^^^^^^^^^^^^^^^^^^^^^^^^^^^^^^^^^^^^^^^^^^^^^^
  File "C:\Users\ADMIN\Documents\GitHub\Automated-trading-site\.venv\Lib\site-packages\channels\auth.py", line 185, in __call__
    return await super().__call__(scope, receive, send)
           ^^^^^^^^^^^^^^^^^^^^^^^^^^^^^^^^^^^^^^^^^^^^
  File "C:\Users\ADMIN\Documents\GitHub\Automated-trading-site\.venv\Lib\site-packages\channels\middleware.py", line 24, in __call__
    return await self.inner(scope, receive, send)
           ^^^^^^^^^^^^^^^^^^^^^^^^^^^^^^^^^^^^^^
  File "C:\Users\ADMIN\Documents\GitHub\Automated-trading-site\.venv\Lib\site-packages\channels\routing.py", line 118, in __call__
    return await application(
           ^^^^^^^^^^^^^^^^^^
    ...<10 lines>...
    )
    ^
  File "C:\Users\ADMIN\Documents\GitHub\Automated-trading-site\.venv\Lib\site-packages\channels\consumer.py", line 95, in app
    return await consumer(scope, receive, send)
           ^^^^^^^^^^^^^^^^^^^^^^^^^^^^^^^^^^^^
  File "C:\Users\ADMIN\Documents\GitHub\Automated-trading-site\.venv\Lib\site-packages\channels\consumer.py", line 44, in __call__
    self.channel_layer = get_channel_layer(self.channel_layer_alias)
                         ~~~~~~~~~~~~~~~~~^^^^^^^^^^^^^^^^^^^^^^^^^^
  File "C:\Users\ADMIN\Documents\GitHub\Automated-trading-site\.venv\Lib\site-packages\channels\layers.py", line 411, in get_channel_layer
    return channel_layers[alias]
           ~~~~~~~~~~~~~~^^^^^^^
  File "C:\Users\ADMIN\Documents\GitHub\Automated-trading-site\.venv\Lib\site-packages\channels\layers.py", line 83, in __getitem__
    self.backends[key] = self.make_backend(key)
                         ~~~~~~~~~~~~~~~~~^^^^^
  File "C:\Users\ADMIN\Documents\GitHub\Automated-trading-site\.venv\Lib\site-packages\channels\layers.py", line 45, in make_backend
    return self._make_backend(name, config)
           ~~~~~~~~~~~~~~~~~~^^^^^^^^^^^^^^
  File "C:\Users\ADMIN\Documents\GitHub\Automated-trading-site\.venv\Lib\site-packages\channels\layers.py", line 73, in _make_backend
    raise InvalidChannelLayerError(
    ...<2 lines>...
    )
channels.exceptions.InvalidChannelLayerError: Cannot import BACKEND 'channels_redis.core.RedisChannelLayer' specified for default
[2026-07-14 20:27:38,001] ERROR daphne.server Exception inside application: Cannot import BACKEND 'channels_redis.core.RedisChannelLayer' specified for default
Traceback (most recent call last):
  File "C:\Users\ADMIN\Documents\GitHub\Automated-trading-site\.venv\Lib\site-packages\channels\layers.py", line 71, in _make_backend
    backend_class = import_string(backend_module)
  File "C:\Users\ADMIN\Documents\GitHub\Automated-trading-site\.venv\Lib\site-packages\django\utils\module_loading.py", line 30, in import_string
    return cached_import(module_path, class_name)
  File "C:\Users\ADMIN\Documents\GitHub\Automated-trading-site\.venv\Lib\site-packages\django\utils\module_loading.py", line 15, in cached_import
    module = import_module(module_path)
  File "C:\Python314\Lib\importlib\__init__.py", line 88, in import_module
    return _bootstrap._gcd_import(name[level:], package, level)
           ~~~~~~~~~~~~~~~~~~~~~~^^^^^^^^^^^^^^^^^^^^^^^^^^^^^^
  File "<frozen importlib._bootstrap>", line 1406, in _gcd_import
  File "<frozen importlib._bootstrap>", line 1371, in _find_and_load
  File "<frozen importlib._bootstrap>", line 1314, in _find_and_load_unlocked
  File "<frozen importlib._bootstrap>", line 491, in _call_with_frames_removed
  File "<frozen importlib._bootstrap>", line 1406, in _gcd_import
  File "<frozen importlib._bootstrap>", line 1371, in _find_and_load
  File "<frozen importlib._bootstrap>", line 1335, in _find_and_load_unlocked
ModuleNotFoundError: No module named 'channels_redis'

During handling of the above exception, another exception occurred:

Traceback (most recent call last):
  File "C:\Users\ADMIN\Documents\GitHub\Automated-trading-site\.venv\Lib\site-packages\django\contrib\staticfiles\handlers.py", line 101, in __call__
    return await self.application(scope, receive, send)
           ^^^^^^^^^^^^^^^^^^^^^^^^^^^^^^^^^^^^^^^^^^^^
  File "C:\Users\ADMIN\Documents\GitHub\Automated-trading-site\.venv\Lib\site-packages\channels\routing.py", line 48, in __call__
    return await application(scope, receive, send)
           ^^^^^^^^^^^^^^^^^^^^^^^^^^^^^^^^^^^^^^^
  File "C:\Users\ADMIN\Documents\GitHub\Automated-trading-site\.venv\Lib\site-packages\channels\sessions.py", line 44, in __call__
    return await self.inner(dict(scope, cookies=cookies), receive, send)
           ^^^^^^^^^^^^^^^^^^^^^^^^^^^^^^^^^^^^^^^^^^^^^^^^^^^^^^^^^^^^^
  File "C:\Users\ADMIN\Documents\GitHub\Automated-trading-site\.venv\Lib\site-packages\channels\sessions.py", line 261, in __call__
    return await self.inner(wrapper.scope, receive, wrapper.send)
           ^^^^^^^^^^^^^^^^^^^^^^^^^^^^^^^^^^^^^^^^^^^^^^^^^^^^^^
  File "C:\Users\ADMIN\Documents\GitHub\Automated-trading-site\.venv\Lib\site-packages\channels\auth.py", line 185, in __call__
    return await super().__call__(scope, receive, send)
           ^^^^^^^^^^^^^^^^^^^^^^^^^^^^^^^^^^^^^^^^^^^^
  File "C:\Users\ADMIN\Documents\GitHub\Automated-trading-site\.venv\Lib\site-packages\channels\middleware.py", line 24, in __call__
    return await self.inner(scope, receive, send)
           ^^^^^^^^^^^^^^^^^^^^^^^^^^^^^^^^^^^^^^
  File "C:\Users\ADMIN\Documents\GitHub\Automated-trading-site\.venv\Lib\site-packages\channels\routing.py", line 118, in __call__
    return await application(
           ^^^^^^^^^^^^^^^^^^
    ...<10 lines>...
    )
    ^
  File "C:\Users\ADMIN\Documents\GitHub\Automated-trading-site\.venv\Lib\site-packages\channels\consumer.py", line 95, in app
    return await consumer(scope, receive, send)
           ^^^^^^^^^^^^^^^^^^^^^^^^^^^^^^^^^^^^
  File "C:\Users\ADMIN\Documents\GitHub\Automated-trading-site\.venv\Lib\site-packages\channels\consumer.py", line 44, in __call__
    self.channel_layer = get_channel_layer(self.channel_layer_alias)
                         ~~~~~~~~~~~~~~~~~^^^^^^^^^^^^^^^^^^^^^^^^^^
  File "C:\Users\ADMIN\Documents\GitHub\Automated-trading-site\.venv\Lib\site-packages\channels\layers.py", line 411, in get_channel_layer
    return channel_layers[alias]
           ~~~~~~~~~~~~~~^^^^^^^
  File "C:\Users\ADMIN\Documents\GitHub\Automated-trading-site\.venv\Lib\site-packages\channels\layers.py", line 83, in __getitem__
    self.backends[key] = self.make_backend(key)
                         ~~~~~~~~~~~~~~~~~^^^^^
  File "C:\Users\ADMIN\Documents\GitHub\Automated-trading-site\.venv\Lib\site-packages\channels\layers.py", line 45, in make_backend
    return self._make_backend(name, config)
           ~~~~~~~~~~~~~~~~~~^^^^^^^^^^^^^^
  File "C:\Users\ADMIN\Documents\GitHub\Automated-trading-site\.venv\Lib\site-packages\channels\layers.py", line 73, in _make_backend
    raise InvalidChannelLayerError(
    ...<2 lines>...
    )
channels.exceptions.InvalidChannelLayerError: Cannot import BACKEND 'channels_redis.core.RedisChannelLayer' specified for default
[2026-07-14 20:27:39,007] ERROR daphne.server Exception inside application: Cannot import BACKEND 'channels_redis.core.RedisChannelLayer' specified for default
Traceback (most recent call last):
  File "C:\Users\ADMIN\Documents\GitHub\Automated-trading-site\.venv\Lib\site-packages\channels\layers.py", line 71, in _make_backend
    backend_class = import_string(backend_module)
  File "C:\Users\ADMIN\Documents\GitHub\Automated-trading-site\.venv\Lib\site-packages\django\utils\module_loading.py", line 30, in import_string
    return cached_import(module_path, class_name)
  File "C:\Users\ADMIN\Documents\GitHub\Automated-trading-site\.venv\Lib\site-packages\django\utils\module_loading.py", line 15, in cached_import
    module = import_module(module_path)
  File "C:\Python314\Lib\importlib\__init__.py", line 88, in import_module
    return _bootstrap._gcd_import(name[level:], package, level)
           ~~~~~~~~~~~~~~~~~~~~~~^^^^^^^^^^^^^^^^^^^^^^^^^^^^^^
  File "<frozen importlib._bootstrap>", line 1406, in _gcd_import
  File "<frozen importlib._bootstrap>", line 1371, in _find_and_load
  File "<frozen importlib._bootstrap>", line 1314, in _find_and_load_unlocked
  File "<frozen importlib._bootstrap>", line 491, in _call_with_frames_removed
  File "<frozen importlib._bootstrap>", line 1406, in _gcd_import
  File "<frozen importlib._bootstrap>", line 1371, in _find_and_load
  File "<frozen importlib._bootstrap>", line 1335, in _find_and_load_unlocked
ModuleNotFoundError: No module named 'channels_redis'

During handling of the above exception, another exception occurred:

Traceback (most recent call last):
  File "C:\Users\ADMIN\Documents\GitHub\Automated-trading-site\.venv\Lib\site-packages\django\contrib\staticfiles\handlers.py", line 101, in __call__
    return await self.application(scope, receive, send)
           ^^^^^^^^^^^^^^^^^^^^^^^^^^^^^^^^^^^^^^^^^^^^
  File "C:\Users\ADMIN\Documents\GitHub\Automated-trading-site\.venv\Lib\site-packages\channels\routing.py", line 48, in __call__
    return await application(scope, receive, send)
           ^^^^^^^^^^^^^^^^^^^^^^^^^^^^^^^^^^^^^^^
  File "C:\Users\ADMIN\Documents\GitHub\Automated-trading-site\.venv\Lib\site-packages\channels\sessions.py", line 44, in __call__
    return await self.inner(dict(scope, cookies=cookies), receive, send)
           ^^^^^^^^^^^^^^^^^^^^^^^^^^^^^^^^^^^^^^^^^^^^^^^^^^^^^^^^^^^^^
  File "C:\Users\ADMIN\Documents\GitHub\Automated-trading-site\.venv\Lib\site-packages\channels\sessions.py", line 261, in __call__
    return await self.inner(wrapper.scope, receive, wrapper.send)
           ^^^^^^^^^^^^^^^^^^^^^^^^^^^^^^^^^^^^^^^^^^^^^^^^^^^^^^
  File "C:\Users\ADMIN\Documents\GitHub\Automated-trading-site\.venv\Lib\site-packages\channels\auth.py", line 185, in __call__
    return await super().__call__(scope, receive, send)
           ^^^^^^^^^^^^^^^^^^^^^^^^^^^^^^^^^^^^^^^^^^^^
  File "C:\Users\ADMIN\Documents\GitHub\Automated-trading-site\.venv\Lib\site-packages\channels\middleware.py", line 24, in __call__
    return await self.inner(scope, receive, send)
           ^^^^^^^^^^^^^^^^^^^^^^^^^^^^^^^^^^^^^^
  File "C:\Users\ADMIN\Documents\GitHub\Automated-trading-site\.venv\Lib\site-packages\channels\routing.py", line 118, in __call__
    return await application(
           ^^^^^^^^^^^^^^^^^^
    ...<10 lines>...
    )
    ^
  File "C:\Users\ADMIN\Documents\GitHub\Automated-trading-site\.venv\Lib\site-packages\channels\consumer.py", line 95, in app
    return await consumer(scope, receive, send)
           ^^^^^^^^^^^^^^^^^^^^^^^^^^^^^^^^^^^^
  File "C:\Users\ADMIN\Documents\GitHub\Automated-trading-site\.venv\Lib\site-packages\channels\consumer.py", line 44, in __call__
    self.channel_layer = get_channel_layer(self.channel_layer_alias)
                         ~~~~~~~~~~~~~~~~~^^^^^^^^^^^^^^^^^^^^^^^^^^
  File "C:\Users\ADMIN\Documents\GitHub\Automated-trading-site\.venv\Lib\site-packages\channels\layers.py", line 411, in get_channel_layer
    return channel_layers[alias]
           ~~~~~~~~~~~~~~^^^^^^^
  File "C:\Users\ADMIN\Documents\GitHub\Automated-trading-site\.venv\Lib\site-packages\channels\layers.py", line 83, in __getitem__
    self.backends[key] = self.make_backend(key)
                         ~~~~~~~~~~~~~~~~~^^^^^
  File "C:\Users\ADMIN\Documents\GitHub\Automated-trading-site\.venv\Lib\site-packages\channels\layers.py", line 45, in make_backend
    return self._make_backend(name, config)
           ~~~~~~~~~~~~~~~~~~^^^^^^^^^^^^^^
  File "C:\Users\ADMIN\Documents\GitHub\Automated-trading-site\.venv\Lib\site-packages\channels\layers.py", line 73, in _make_backend
    raise InvalidChannelLayerError(
    ...<2 lines>...
    )
channels.exceptions.InvalidChannelLayerError: Cannot import BACKEND 'channels_redis.core.RedisChannelLayer' specified for default
[2026-07-14 20:27:40,019] ERROR daphne.server Exception inside application: Cannot import BACKEND 'channels_redis.core.RedisChannelLayer' specified for default
Traceback (most recent call last):
  File "C:\Users\ADMIN\Documents\GitHub\Automated-trading-site\.venv\Lib\site-packages\channels\layers.py", line 71, in _make_backend
    backend_class = import_string(backend_module)
  File "C:\Users\ADMIN\Documents\GitHub\Automated-trading-site\.venv\Lib\site-packages\django\utils\module_loading.py", line 30, in import_string
    return cached_import(module_path, class_name)
  File "C:\Users\ADMIN\Documents\GitHub\Automated-trading-site\.venv\Lib\site-packages\django\utils\module_loading.py", line 15, in cached_import
    module = import_module(module_path)
  File "C:\Python314\Lib\importlib\__init__.py", line 88, in import_module
    return _bootstrap._gcd_import(name[level:], package, level)
           ~~~~~~~~~~~~~~~~~~~~~~^^^^^^^^^^^^^^^^^^^^^^^^^^^^^^
  File "<frozen importlib._bootstrap>", line 1406, in _gcd_import
  File "<frozen importlib._bootstrap>", line 1371, in _find_and_load
  File "<frozen importlib._bootstrap>", line 1314, in _find_and_load_unlocked
  File "<frozen importlib._bootstrap>", line 491, in _call_with_frames_removed
  File "<frozen importlib._bootstrap>", line 1406, in _gcd_import
  File "<frozen importlib._bootstrap>", line 1371, in _find_and_load
  File "<frozen importlib._bootstrap>", line 1335, in _find_and_load_unlocked
ModuleNotFoundError: No module named 'channels_redis'

During handling of the above exception, another exception occurred:

Traceback (most recent call last):
  File "C:\Users\ADMIN\Documents\GitHub\Automated-trading-site\.venv\Lib\site-packages\django\contrib\staticfiles\handlers.py", line 101, in __call__
    return await self.application(scope, receive, send)
           ^^^^^^^^^^^^^^^^^^^^^^^^^^^^^^^^^^^^^^^^^^^^
  File "C:\Users\ADMIN\Documents\GitHub\Automated-trading-site\.venv\Lib\site-packages\channels\routing.py", line 48, in __call__
    return await application(scope, receive, send)
           ^^^^^^^^^^^^^^^^^^^^^^^^^^^^^^^^^^^^^^^
  File "C:\Users\ADMIN\Documents\GitHub\Automated-trading-site\.venv\Lib\site-packages\channels\sessions.py", line 44, in __call__
    return await self.inner(dict(scope, cookies=cookies), receive, send)
           ^^^^^^^^^^^^^^^^^^^^^^^^^^^^^^^^^^^^^^^^^^^^^^^^^^^^^^^^^^^^^
  File "C:\Users\ADMIN\Documents\GitHub\Automated-trading-site\.venv\Lib\site-packages\channels\sessions.py", line 261, in __call__
    return await self.inner(wrapper.scope, receive, wrapper.send)
           ^^^^^^^^^^^^^^^^^^^^^^^^^^^^^^^^^^^^^^^^^^^^^^^^^^^^^^
  File "C:\Users\ADMIN\Documents\GitHub\Automated-trading-site\.venv\Lib\site-packages\channels\auth.py", line 185, in __call__
    return await super().__call__(scope, receive, send)
           ^^^^^^^^^^^^^^^^^^^^^^^^^^^^^^^^^^^^^^^^^^^^
  File "C:\Users\ADMIN\Documents\GitHub\Automated-trading-site\.venv\Lib\site-packages\channels\middleware.py", line 24, in __call__
    return await self.inner(scope, receive, send)
           ^^^^^^^^^^^^^^^^^^^^^^^^^^^^^^^^^^^^^^
  File "C:\Users\ADMIN\Documents\GitHub\Automated-trading-site\.venv\Lib\site-packages\channels\routing.py", line 118, in __call__
    return await application(
           ^^^^^^^^^^^^^^^^^^
    ...<10 lines>...
    )
    ^
  File "C:\Users\ADMIN\Documents\GitHub\Automated-trading-site\.venv\Lib\site-packages\channels\consumer.py", line 95, in app
    return await consumer(scope, receive, send)
           ^^^^^^^^^^^^^^^^^^^^^^^^^^^^^^^^^^^^
  File "C:\Users\ADMIN\Documents\GitHub\Automated-trading-site\.venv\Lib\site-packages\channels\consumer.py", line 44, in __call__
    self.channel_layer = get_channel_layer(self.channel_layer_alias)
                         ~~~~~~~~~~~~~~~~~^^^^^^^^^^^^^^^^^^^^^^^^^^
  File "C:\Users\ADMIN\Documents\GitHub\Automated-trading-site\.venv\Lib\site-packages\channels\layers.py", line 411, in get_channel_layer
    return channel_layers[alias]
           ~~~~~~~~~~~~~~^^^^^^^
  File "C:\Users\ADMIN\Documents\GitHub\Automated-trading-site\.venv\Lib\site-packages\channels\layers.py", line 83, in __getitem__
    self.backends[key] = self.make_backend(key)
                         ~~~~~~~~~~~~~~~~~^^^^^
  File "C:\Users\ADMIN\Documents\GitHub\Automated-trading-site\.venv\Lib\site-packages\channels\layers.py", line 45, in make_backend
    return self._make_backend(name, config)
           ~~~~~~~~~~~~~~~~~~^^^^^^^^^^^^^^
  File "C:\Users\ADMIN\Documents\GitHub\Automated-trading-site\.venv\Lib\site-packages\channels\layers.py", line 73, in _make_backend
    raise InvalidChannelLayerError(
    ...<2 lines>...
    )
channels.exceptions.InvalidChannelLayerError: Cannot import BACKEND 'channels_redis.core.RedisChannelLayer' specified for default
[2026-07-14 20:27:41,032] ERROR daphne.server Exception inside application: Cannot import BACKEND 'channels_redis.core.RedisChannelLayer' specified for default
Traceback (most recent call last):
  File "C:\Users\ADMIN\Documents\GitHub\Automated-trading-site\.venv\Lib\site-packages\channels\layers.py", line 71, in _make_backend
    backend_class = import_string(backend_module)
  File "C:\Users\ADMIN\Documents\GitHub\Automated-trading-site\.venv\Lib\site-packages\django\utils\module_loading.py", line 30, in import_string
    return cached_import(module_path, class_name)
  File "C:\Users\ADMIN\Documents\GitHub\Automated-trading-site\.venv\Lib\site-packages\django\utils\module_loading.py", line 15, in cached_import
    module = import_module(module_path)
  File "C:\Python314\Lib\importlib\__init__.py", line 88, in import_module
    return _bootstrap._gcd_import(name[level:], package, level)
           ~~~~~~~~~~~~~~~~~~~~~~^^^^^^^^^^^^^^^^^^^^^^^^^^^^^^
  File "<frozen importlib._bootstrap>", line 1406, in _gcd_import
  File "<frozen importlib._bootstrap>", line 1371, in _find_and_load
  File "<frozen importlib._bootstrap>", line 1314, in _find_and_load_unlocked
  File "<frozen importlib._bootstrap>", line 491, in _call_with_frames_removed
  File "<frozen importlib._bootstrap>", line 1406, in _gcd_import
  File "<frozen importlib._bootstrap>", line 1371, in _find_and_load
  File "<frozen importlib._bootstrap>", line 1335, in _find_and_load_unlocked
ModuleNotFoundError: No module named 'channels_redis'

During handling of the above exception, another exception occurred:

Traceback (most recent call last):
  File "C:\Users\ADMIN\Documents\GitHub\Automated-trading-site\.venv\Lib\site-packages\django\contrib\staticfiles\handlers.py", line 101, in __call__
    return await self.application(scope, receive, send)
           ^^^^^^^^^^^^^^^^^^^^^^^^^^^^^^^^^^^^^^^^^^^^
  File "C:\Users\ADMIN\Documents\GitHub\Automated-trading-site\.venv\Lib\site-packages\channels\routing.py", line 48, in __call__
    return await application(scope, receive, send)
           ^^^^^^^^^^^^^^^^^^^^^^^^^^^^^^^^^^^^^^^
  File "C:\Users\ADMIN\Documents\GitHub\Automated-trading-site\.venv\Lib\site-packages\channels\sessions.py", line 44, in __call__
    return await self.inner(dict(scope, cookies=cookies), receive, send)
           ^^^^^^^^^^^^^^^^^^^^^^^^^^^^^^^^^^^^^^^^^^^^^^^^^^^^^^^^^^^^^
  File "C:\Users\ADMIN\Documents\GitHub\Automated-trading-site\.venv\Lib\site-packages\channels\sessions.py", line 261, in __call__
    return await self.inner(wrapper.scope, receive, wrapper.send)
           ^^^^^^^^^^^^^^^^^^^^^^^^^^^^^^^^^^^^^^^^^^^^^^^^^^^^^^
  File "C:\Users\ADMIN\Documents\GitHub\Automated-trading-site\.venv\Lib\site-packages\channels\auth.py", line 185, in __call__
    return await super().__call__(scope, receive, send)
           ^^^^^^^^^^^^^^^^^^^^^^^^^^^^^^^^^^^^^^^^^^^^
  File "C:\Users\ADMIN\Documents\GitHub\Automated-trading-site\.venv\Lib\site-packages\channels\middleware.py", line 24, in __call__
    return await self.inner(scope, receive, send)
           ^^^^^^^^^^^^^^^^^^^^^^^^^^^^^^^^^^^^^^
  File "C:\Users\ADMIN\Documents\GitHub\Automated-trading-site\.venv\Lib\site-packages\channels\routing.py", line 118, in __call__
    return await application(
           ^^^^^^^^^^^^^^^^^^
    ...<10 lines>...
    )
    ^
  File "C:\Users\ADMIN\Documents\GitHub\Automated-trading-site\.venv\Lib\site-packages\channels\consumer.py", line 95, in app
    return await consumer(scope, receive, send)
           ^^^^^^^^^^^^^^^^^^^^^^^^^^^^^^^^^^^^
  File "C:\Users\ADMIN\Documents\GitHub\Automated-trading-site\.venv\Lib\site-packages\channels\consumer.py", line 44, in __call__
    self.channel_layer = get_channel_layer(self.channel_layer_alias)
                         ~~~~~~~~~~~~~~~~~^^^^^^^^^^^^^^^^^^^^^^^^^^
  File "C:\Users\ADMIN\Documents\GitHub\Automated-trading-site\.venv\Lib\site-packages\channels\layers.py", line 411, in get_channel_layer
    return channel_layers[alias]
           ~~~~~~~~~~~~~~^^^^^^^
  File "C:\Users\ADMIN\Documents\GitHub\Automated-trading-site\.venv\Lib\site-packages\channels\layers.py", line 83, in __getitem__
    self.backends[key] = self.make_backend(key)
                         ~~~~~~~~~~~~~~~~~^^^^^
  File "C:\Users\ADMIN\Documents\GitHub\Automated-trading-site\.venv\Lib\site-packages\channels\layers.py", line 45, in make_backend
    return self._make_backend(name, config)
           ~~~~~~~~~~~~~~~~~~^^^^^^^^^^^^^^
  File "C:\Users\ADMIN\Documents\GitHub\Automated-trading-site\.venv\Lib\site-packages\channels\layers.py", line 73, in _make_backend
    raise InvalidChannelLayerError(
    ...<2 lines>...
    )
channels.exceptions.InvalidChannelLayerError: Cannot import BACKEND 'channels_redis.core.RedisChannelLayer' specified for default
[2026-07-14 20:27:42,042] ERROR daphne.server Exception inside application: Cannot import BACKEND 'channels_redis.core.RedisChannelLayer' specified for default
Traceback (most recent call last):
  File "C:\Users\ADMIN\Documents\GitHub\Automated-trading-site\.venv\Lib\site-packages\channels\layers.py", line 71, in _make_backend
    backend_class = import_string(backend_module)
  File "C:\Users\ADMIN\Documents\GitHub\Automated-trading-site\.venv\Lib\site-packages\django\utils\module_loading.py", line 30, in import_string
    return cached_import(module_path, class_name)
  File "C:\Users\ADMIN\Documents\GitHub\Automated-trading-site\.venv\Lib\site-packages\django\utils\module_loading.py", line 15, in cached_import
    module = import_module(module_path)
  File "C:\Python314\Lib\importlib\__init__.py", line 88, in import_module
    return _bootstrap._gcd_import(name[level:], package, level)
           ~~~~~~~~~~~~~~~~~~~~~~^^^^^^^^^^^^^^^^^^^^^^^^^^^^^^
  File "<frozen importlib._bootstrap>", line 1406, in _gcd_import
  File "<frozen importlib._bootstrap>", line 1371, in _find_and_load
  File "<frozen importlib._bootstrap>", line 1314, in _find_and_load_unlocked
  File "<frozen importlib._bootstrap>", line 491, in _call_with_frames_removed
  File "<frozen importlib._bootstrap>", line 1406, in _gcd_import
  File "<frozen importlib._bootstrap>", line 1371, in _find_and_load
  File "<frozen importlib._bootstrap>", line 1335, in _find_and_load_unlocked
ModuleNotFoundError: No module named 'channels_redis'

During handling of the above exception, another exception occurred:

Traceback (most recent call last):
  File "C:\Users\ADMIN\Documents\GitHub\Automated-trading-site\.venv\Lib\site-packages\django\contrib\staticfiles\handlers.py", line 101, in __call__
    return await self.application(scope, receive, send)
           ^^^^^^^^^^^^^^^^^^^^^^^^^^^^^^^^^^^^^^^^^^^^
  File "C:\Users\ADMIN\Documents\GitHub\Automated-trading-site\.venv\Lib\site-packages\channels\routing.py", line 48, in __call__
    return await application(scope, receive, send)
           ^^^^^^^^^^^^^^^^^^^^^^^^^^^^^^^^^^^^^^^
  File "C:\Users\ADMIN\Documents\GitHub\Automated-trading-site\.venv\Lib\site-packages\channels\sessions.py", line 44, in __call__
    return await self.inner(dict(scope, cookies=cookies), receive, send)
           ^^^^^^^^^^^^^^^^^^^^^^^^^^^^^^^^^^^^^^^^^^^^^^^^^^^^^^^^^^^^^
  File "C:\Users\ADMIN\Documents\GitHub\Automated-trading-site\.venv\Lib\site-packages\channels\sessions.py", line 261, in __call__
    return await self.inner(wrapper.scope, receive, wrapper.send)
           ^^^^^^^^^^^^^^^^^^^^^^^^^^^^^^^^^^^^^^^^^^^^^^^^^^^^^^
  File "C:\Users\ADMIN\Documents\GitHub\Automated-trading-site\.venv\Lib\site-packages\channels\auth.py", line 185, in __call__
    return await super().__call__(scope, receive, send)
           ^^^^^^^^^^^^^^^^^^^^^^^^^^^^^^^^^^^^^^^^^^^^
  File "C:\Users\ADMIN\Documents\GitHub\Automated-trading-site\.venv\Lib\site-packages\channels\middleware.py", line 24, in __call__
    return await self.inner(scope, receive, send)
           ^^^^^^^^^^^^^^^^^^^^^^^^^^^^^^^^^^^^^^
  File "C:\Users\ADMIN\Documents\GitHub\Automated-trading-site\.venv\Lib\site-packages\channels\routing.py", line 118, in __call__
    return await application(
           ^^^^^^^^^^^^^^^^^^
    ...<10 lines>...
    )
    ^
  File "C:\Users\ADMIN\Documents\GitHub\Automated-trading-site\.venv\Lib\site-packages\channels\consumer.py", line 95, in app
    return await consumer(scope, receive, send)
           ^^^^^^^^^^^^^^^^^^^^^^^^^^^^^^^^^^^^
  File "C:\Users\ADMIN\Documents\GitHub\Automated-trading-site\.venv\Lib\site-packages\channels\consumer.py", line 44, in __call__
    self.channel_layer = get_channel_layer(self.channel_layer_alias)
                         ~~~~~~~~~~~~~~~~~^^^^^^^^^^^^^^^^^^^^^^^^^^
  File "C:\Users\ADMIN\Documents\GitHub\Automated-trading-site\.venv\Lib\site-packages\channels\layers.py", line 411, in get_channel_layer
    return channel_layers[alias]
           ~~~~~~~~~~~~~~^^^^^^^
  File "C:\Users\ADMIN\Documents\GitHub\Automated-trading-site\.venv\Lib\site-packages\channels\layers.py", line 83, in __getitem__
    self.backends[key] = self.make_backend(key)
                         ~~~~~~~~~~~~~~~~~^^^^^
  File "C:\Users\ADMIN\Documents\GitHub\Automated-trading-site\.venv\Lib\site-packages\channels\layers.py", line 45, in make_backend
    return self._make_backend(name, config)
           ~~~~~~~~~~~~~~~~~~^^^^^^^^^^^^^^
  File "C:\Users\ADMIN\Documents\GitHub\Automated-trading-site\.venv\Lib\site-packages\channels\layers.py", line 73, in _make_backend
    raise InvalidChannelLayerError(
    ...<2 lines>...
    )
channels.exceptions.InvalidChannelLayerError: Cannot import BACKEND 'channels_redis.core.RedisChannelLayer' specified for default
[2026-07-14 20:27:43,058] ERROR daphne.server Exception inside application: Cannot import BACKEND 'channels_redis.core.RedisChannelLayer' specified for default
Traceback (most recent call last):
  File "C:\Users\ADMIN\Documents\GitHub\Automated-trading-site\.venv\Lib\site-packages\channels\layers.py", line 71, in _make_backend
    backend_class = import_string(backend_module)
  File "C:\Users\ADMIN\Documents\GitHub\Automated-trading-site\.venv\Lib\site-packages\django\utils\module_loading.py", line 30, in import_string
    return cached_import(module_path, class_name)
  File "C:\Users\ADMIN\Documents\GitHub\Automated-trading-site\.venv\Lib\site-packages\django\utils\module_loading.py", line 15, in cached_import
    module = import_module(module_path)
  File "C:\Python314\Lib\importlib\__init__.py", line 88, in import_module
    return _bootstrap._gcd_import(name[level:], package, level)
           ~~~~~~~~~~~~~~~~~~~~~~^^^^^^^^^^^^^^^^^^^^^^^^^^^^^^
  File "<frozen importlib._bootstrap>", line 1406, in _gcd_import
  File "<frozen importlib._bootstrap>", line 1371, in _find_and_load
  File "<frozen importlib._bootstrap>", line 1314, in _find_and_load_unlocked
  File "<frozen importlib._bootstrap>", line 491, in _call_with_frames_removed
  File "<frozen importlib._bootstrap>", line 1406, in _gcd_import
  File "<frozen importlib._bootstrap>", line 1371, in _find_and_load
  File "<frozen importlib._bootstrap>", line 1335, in _find_and_load_unlocked
ModuleNotFoundError: No module named 'channels_redis'

During handling of the above exception, another exception occurred:

Traceback (most recent call last):
  File "C:\Users\ADMIN\Documents\GitHub\Automated-trading-site\.venv\Lib\site-packages\django\contrib\staticfiles\handlers.py", line 101, in __call__
    return await self.application(scope, receive, send)
           ^^^^^^^^^^^^^^^^^^^^^^^^^^^^^^^^^^^^^^^^^^^^
  File "C:\Users\ADMIN\Documents\GitHub\Automated-trading-site\.venv\Lib\site-packages\channels\routing.py", line 48, in __call__
    return await application(scope, receive, send)
           ^^^^^^^^^^^^^^^^^^^^^^^^^^^^^^^^^^^^^^^
  File "C:\Users\ADMIN\Documents\GitHub\Automated-trading-site\.venv\Lib\site-packages\channels\sessions.py", line 44, in __call__
    return await self.inner(dict(scope, cookies=cookies), receive, send)
           ^^^^^^^^^^^^^^^^^^^^^^^^^^^^^^^^^^^^^^^^^^^^^^^^^^^^^^^^^^^^^
  File "C:\Users\ADMIN\Documents\GitHub\Automated-trading-site\.venv\Lib\site-packages\channels\sessions.py", line 261, in __call__
    return await self.inner(wrapper.scope, receive, wrapper.send)
           ^^^^^^^^^^^^^^^^^^^^^^^^^^^^^^^^^^^^^^^^^^^^^^^^^^^^^^
  File "C:\Users\ADMIN\Documents\GitHub\Automated-trading-site\.venv\Lib\site-packages\channels\auth.py", line 185, in __call__
    return await super().__call__(scope, receive, send)
           ^^^^^^^^^^^^^^^^^^^^^^^^^^^^^^^^^^^^^^^^^^^^
  File "C:\Users\ADMIN\Documents\GitHub\Automated-trading-site\.venv\Lib\site-packages\channels\middleware.py", line 24, in __call__
    return await self.inner(scope, receive, send)
           ^^^^^^^^^^^^^^^^^^^^^^^^^^^^^^^^^^^^^^
  File "C:\Users\ADMIN\Documents\GitHub\Automated-trading-site\.venv\Lib\site-packages\channels\routing.py", line 118, in __call__
    return await application(
           ^^^^^^^^^^^^^^^^^^
    ...<10 lines>...
    )
    ^
  File "C:\Users\ADMIN\Documents\GitHub\Automated-trading-site\.venv\Lib\site-packages\channels\consumer.py", line 95, in app
    return await consumer(scope, receive, send)
           ^^^^^^^^^^^^^^^^^^^^^^^^^^^^^^^^^^^^
  File "C:\Users\ADMIN\Documents\GitHub\Automated-trading-site\.venv\Lib\site-packages\channels\consumer.py", line 44, in __call__
    self.channel_layer = get_channel_layer(self.channel_layer_alias)
                         ~~~~~~~~~~~~~~~~~^^^^^^^^^^^^^^^^^^^^^^^^^^
  File "C:\Users\ADMIN\Documents\GitHub\Automated-trading-site\.venv\Lib\site-packages\channels\layers.py", line 411, in get_channel_layer
    return channel_layers[alias]
           ~~~~~~~~~~~~~~^^^^^^^
  File "C:\Users\ADMIN\Documents\GitHub\Automated-trading-site\.venv\Lib\site-packages\channels\layers.py", line 83, in __getitem__
    self.backends[key] = self.make_backend(key)
                         ~~~~~~~~~~~~~~~~~^^^^^
  File "C:\Users\ADMIN\Documents\GitHub\Automated-trading-site\.venv\Lib\site-packages\channels\layers.py", line 45, in make_backend
    return self._make_backend(name, config)
           ~~~~~~~~~~~~~~~~~~^^^^^^^^^^^^^^
  File "C:\Users\ADMIN\Documents\GitHub\Automated-trading-site\.venv\Lib\site-packages\channels\layers.py", line 73, in _make_backend
    raise InvalidChannelLayerError(
    ...<2 lines>...
    )
channels.exceptions.InvalidChannelLayerError: Cannot import BACKEND 'channels_redis.core.RedisChannelLayer' specified for default
[2026-07-14 20:27:44,076] ERROR daphne.server Exception inside application: Cannot import BACKEND 'channels_redis.core.RedisChannelLayer' specified for default
Traceback (most recent call last):
  File "C:\Users\ADMIN\Documents\GitHub\Automated-trading-site\.venv\Lib\site-packages\channels\layers.py", line 71, in _make_backend
    backend_class = import_string(backend_module)
  File "C:\Users\ADMIN\Documents\GitHub\Automated-trading-site\.venv\Lib\site-packages\django\utils\module_loading.py", line 30, in import_string
    return cached_import(module_path, class_name)
  File "C:\Users\ADMIN\Documents\GitHub\Automated-trading-site\.venv\Lib\site-packages\django\utils\module_loading.py", line 15, in cached_import
    module = import_module(module_path)
  File "C:\Python314\Lib\importlib\__init__.py", line 88, in import_module
    return _bootstrap._gcd_import(name[level:], package, level)
           ~~~~~~~~~~~~~~~~~~~~~~^^^^^^^^^^^^^^^^^^^^^^^^^^^^^^
  File "<frozen importlib._bootstrap>", line 1406, in _gcd_import
  File "<frozen importlib._bootstrap>", line 1371, in _find_and_load
  File "<frozen importlib._bootstrap>", line 1314, in _find_and_load_unlocked
  File "<frozen importlib._bootstrap>", line 491, in _call_with_frames_removed
  File "<frozen importlib._bootstrap>", line 1406, in _gcd_import
  File "<frozen importlib._bootstrap>", line 1371, in _find_and_load
  File "<frozen importlib._bootstrap>", line 1335, in _find_and_load_unlocked
ModuleNotFoundError: No module named 'channels_redis'

During handling of the above exception, another exception occurred:

Traceback (most recent call last):
  File "C:\Users\ADMIN\Documents\GitHub\Automated-trading-site\.venv\Lib\site-packages\django\contrib\staticfiles\handlers.py", line 101, in __call__
    return await self.application(scope, receive, send)
           ^^^^^^^^^^^^^^^^^^^^^^^^^^^^^^^^^^^^^^^^^^^^
  File "C:\Users\ADMIN\Documents\GitHub\Automated-trading-site\.venv\Lib\site-packages\channels\routing.py", line 48, in __call__
    return await application(scope, receive, send)
           ^^^^^^^^^^^^^^^^^^^^^^^^^^^^^^^^^^^^^^^
  File "C:\Users\ADMIN\Documents\GitHub\Automated-trading-site\.venv\Lib\site-packages\channels\sessions.py", line 44, in __call__
    return await self.inner(dict(scope, cookies=cookies), receive, send)
           ^^^^^^^^^^^^^^^^^^^^^^^^^^^^^^^^^^^^^^^^^^^^^^^^^^^^^^^^^^^^^
  File "C:\Users\ADMIN\Documents\GitHub\Automated-trading-site\.venv\Lib\site-packages\channels\sessions.py", line 261, in __call__
    return await self.inner(wrapper.scope, receive, wrapper.send)
           ^^^^^^^^^^^^^^^^^^^^^^^^^^^^^^^^^^^^^^^^^^^^^^^^^^^^^^
  File "C:\Users\ADMIN\Documents\GitHub\Automated-trading-site\.venv\Lib\site-packages\channels\auth.py", line 185, in __call__
    return await super().__call__(scope, receive, send)
           ^^^^^^^^^^^^^^^^^^^^^^^^^^^^^^^^^^^^^^^^^^^^
  File "C:\Users\ADMIN\Documents\GitHub\Automated-trading-site\.venv\Lib\site-packages\channels\middleware.py", line 24, in __call__
    return await self.inner(scope, receive, send)
           ^^^^^^^^^^^^^^^^^^^^^^^^^^^^^^^^^^^^^^
  File "C:\Users\ADMIN\Documents\GitHub\Automated-trading-site\.venv\Lib\site-packages\channels\routing.py", line 118, in __call__
    return await application(
           ^^^^^^^^^^^^^^^^^^
    ...<10 lines>...
    )
    ^
  File "C:\Users\ADMIN\Documents\GitHub\Automated-trading-site\.venv\Lib\site-packages\channels\consumer.py", line 95, in app
    return await consumer(scope, receive, send)
           ^^^^^^^^^^^^^^^^^^^^^^^^^^^^^^^^^^^^
  File "C:\Users\ADMIN\Documents\GitHub\Automated-trading-site\.venv\Lib\site-packages\channels\consumer.py", line 44, in __call__
    self.channel_layer = get_channel_layer(self.channel_layer_alias)
                         ~~~~~~~~~~~~~~~~~^^^^^^^^^^^^^^^^^^^^^^^^^^
  File "C:\Users\ADMIN\Documents\GitHub\Automated-trading-site\.venv\Lib\site-packages\channels\layers.py", line 411, in get_channel_layer
    return channel_layers[alias]
           ~~~~~~~~~~~~~~^^^^^^^
  File "C:\Users\ADMIN\Documents\GitHub\Automated-trading-site\.venv\Lib\site-packages\channels\layers.py", line 83, in __getitem__
    self.backends[key] = self.make_backend(key)
                         ~~~~~~~~~~~~~~~~~^^^^^
  File "C:\Users\ADMIN\Documents\GitHub\Automated-trading-site\.venv\Lib\site-packages\channels\layers.py", line 45, in make_backend
    return self._make_backend(name, config)
           ~~~~~~~~~~~~~~~~~~^^^^^^^^^^^^^^
  File "C:\Users\ADMIN\Documents\GitHub\Automated-trading-site\.venv\Lib\site-packages\channels\layers.py", line 73, in _make_backend
    raise InvalidChannelLayerError(
    ...<2 lines>...
    )
channels.exceptions.InvalidChannelLayerError: Cannot import BACKEND 'channels_redis.core.RedisChannelLayer' specified for default
[2026-07-14 20:27:45,082] ERROR daphne.server Exception inside application: Cannot import BACKEND 'channels_redis.core.RedisChannelLayer' specified for default
Traceback (most recent call last):
  File "C:\Users\ADMIN\Documents\GitHub\Automated-trading-site\.venv\Lib\site-packages\channels\layers.py", line 71, in _make_backend
    backend_class = import_string(backend_module)
  File "C:\Users\ADMIN\Documents\GitHub\Automated-trading-site\.venv\Lib\site-packages\django\utils\module_loading.py", line 30, in import_string
    return cached_import(module_path, class_name)
  File "C:\Users\ADMIN\Documents\GitHub\Automated-trading-site\.venv\Lib\site-packages\django\utils\module_loading.py", line 15, in cached_import
    module = import_module(module_path)
  File "C:\Python314\Lib\importlib\__init__.py", line 88, in import_module
    return _bootstrap._gcd_import(name[level:], package, level)
           ~~~~~~~~~~~~~~~~~~~~~~^^^^^^^^^^^^^^^^^^^^^^^^^^^^^^
  File "<frozen importlib._bootstrap>", line 1406, in _gcd_import
  File "<frozen importlib._bootstrap>", line 1371, in _find_and_load
  File "<frozen importlib._bootstrap>", line 1314, in _find_and_load_unlocked
  File "<frozen importlib._bootstrap>", line 491, in _call_with_frames_removed
  File "<frozen importlib._bootstrap>", line 1406, in _gcd_import
  File "<frozen importlib._bootstrap>", line 1371, in _find_and_load
  File "<frozen importlib._bootstrap>", line 1335, in _find_and_load_unlocked
ModuleNotFoundError: No module named 'channels_redis'

During handling of the above exception, another exception occurred:

Traceback (most recent call last):
  File "C:\Users\ADMIN\Documents\GitHub\Automated-trading-site\.venv\Lib\site-packages\django\contrib\staticfiles\handlers.py", line 101, in __call__
    return await self.application(scope, receive, send)
           ^^^^^^^^^^^^^^^^^^^^^^^^^^^^^^^^^^^^^^^^^^^^
  File "C:\Users\ADMIN\Documents\GitHub\Automated-trading-site\.venv\Lib\site-packages\channels\routing.py", line 48, in __call__
    return await application(scope, receive, send)
           ^^^^^^^^^^^^^^^^^^^^^^^^^^^^^^^^^^^^^^^
  File "C:\Users\ADMIN\Documents\GitHub\Automated-trading-site\.venv\Lib\site-packages\channels\sessions.py", line 44, in __call__
    return await self.inner(dict(scope, cookies=cookies), receive, send)
           ^^^^^^^^^^^^^^^^^^^^^^^^^^^^^^^^^^^^^^^^^^^^^^^^^^^^^^^^^^^^^
  File "C:\Users\ADMIN\Documents\GitHub\Automated-trading-site\.venv\Lib\site-packages\channels\sessions.py", line 261, in __call__
    return await self.inner(wrapper.scope, receive, wrapper.send)
           ^^^^^^^^^^^^^^^^^^^^^^^^^^^^^^^^^^^^^^^^^^^^^^^^^^^^^^
  File "C:\Users\ADMIN\Documents\GitHub\Automated-trading-site\.venv\Lib\site-packages\channels\auth.py", line 185, in __call__
    return await super().__call__(scope, receive, send)
           ^^^^^^^^^^^^^^^^^^^^^^^^^^^^^^^^^^^^^^^^^^^^
  File "C:\Users\ADMIN\Documents\GitHub\Automated-trading-site\.venv\Lib\site-packages\channels\middleware.py", line 24, in __call__
    return await self.inner(scope, receive, send)
           ^^^^^^^^^^^^^^^^^^^^^^^^^^^^^^^^^^^^^^
  File "C:\Users\ADMIN\Documents\GitHub\Automated-trading-site\.venv\Lib\site-packages\channels\routing.py", line 118, in __call__
    return await application(
           ^^^^^^^^^^^^^^^^^^
    ...<10 lines>...
    )
    ^
  File "C:\Users\ADMIN\Documents\GitHub\Automated-trading-site\.venv\Lib\site-packages\channels\consumer.py", line 95, in app
    return await consumer(scope, receive, send)
           ^^^^^^^^^^^^^^^^^^^^^^^^^^^^^^^^^^^^
  File "C:\Users\ADMIN\Documents\GitHub\Automated-trading-site\.venv\Lib\site-packages\channels\consumer.py", line 44, in __call__
    self.channel_layer = get_channel_layer(self.channel_layer_alias)
                         ~~~~~~~~~~~~~~~~~^^^^^^^^^^^^^^^^^^^^^^^^^^
  File "C:\Users\ADMIN\Documents\GitHub\Automated-trading-site\.venv\Lib\site-packages\channels\layers.py", line 411, in get_channel_layer
    return channel_layers[alias]
           ~~~~~~~~~~~~~~^^^^^^^
  File "C:\Users\ADMIN\Documents\GitHub\Automated-trading-site\.venv\Lib\site-packages\channels\layers.py", line 83, in __getitem__
    self.backends[key] = self.make_backend(key)
                         ~~~~~~~~~~~~~~~~~^^^^^
  File "C:\Users\ADMIN\Documents\GitHub\Automated-trading-site\.venv\Lib\site-packages\channels\layers.py", line 45, in make_backend
    return self._make_backend(name, config)
           ~~~~~~~~~~~~~~~~~~^^^^^^^^^^^^^^
  File "C:\Users\ADMIN\Documents\GitHub\Automated-trading-site\.venv\Lib\site-packages\channels\layers.py", line 73, in _make_backend
    raise InvalidChannelLayerError(
    ...<2 lines>...
    )
channels.exceptions.InvalidChannelLayerError: Cannot import BACKEND 'channels_redis.core.RedisChannelLayer' specified for default
[2026-07-14 20:27:46,089] ERROR daphne.server Exception inside application: Cannot import BACKEND 'channels_redis.core.RedisChannelLayer' specified for default
Traceback (most recent call last):
  File "C:\Users\ADMIN\Documents\GitHub\Automated-trading-site\.venv\Lib\site-packages\channels\layers.py", line 71, in _make_backend
    backend_class = import_string(backend_module)
  File "C:\Users\ADMIN\Documents\GitHub\Automated-trading-site\.venv\Lib\site-packages\django\utils\module_loading.py", line 30, in import_string
    return cached_import(module_path, class_name)
  File "C:\Users\ADMIN\Documents\GitHub\Automated-trading-site\.venv\Lib\site-packages\django\utils\module_loading.py", line 15, in cached_import
    module = import_module(module_path)
  File "C:\Python314\Lib\importlib\__init__.py", line 88, in import_module
    return _bootstrap._gcd_import(name[level:], package, level)
           ~~~~~~~~~~~~~~~~~~~~~~^^^^^^^^^^^^^^^^^^^^^^^^^^^^^^
  File "<frozen importlib._bootstrap>", line 1406, in _gcd_import
  File "<frozen importlib._bootstrap>", line 1371, in _find_and_load
  File "<frozen importlib._bootstrap>", line 1314, in _find_and_load_unlocked
  File "<frozen importlib._bootstrap>", line 491, in _call_with_frames_removed
  File "<frozen importlib._bootstrap>", line 1406, in _gcd_import
  File "<frozen importlib._bootstrap>", line 1371, in _find_and_load
  File "<frozen importlib._bootstrap>", line 1335, in _find_and_load_unlocked
ModuleNotFoundError: No module named 'channels_redis'

During handling of the above exception, another exception occurred:

Traceback (most recent call last):
  File "C:\Users\ADMIN\Documents\GitHub\Automated-trading-site\.venv\Lib\site-packages\django\contrib\staticfiles\handlers.py", line 101, in __call__
    return await self.application(scope, receive, send)
           ^^^^^^^^^^^^^^^^^^^^^^^^^^^^^^^^^^^^^^^^^^^^
  File "C:\Users\ADMIN\Documents\GitHub\Automated-trading-site\.venv\Lib\site-packages\channels\routing.py", line 48, in __call__
    return await application(scope, receive, send)
           ^^^^^^^^^^^^^^^^^^^^^^^^^^^^^^^^^^^^^^^
  File "C:\Users\ADMIN\Documents\GitHub\Automated-trading-site\.venv\Lib\site-packages\channels\sessions.py", line 44, in __call__
    return await self.inner(dict(scope, cookies=cookies), receive, send)
           ^^^^^^^^^^^^^^^^^^^^^^^^^^^^^^^^^^^^^^^^^^^^^^^^^^^^^^^^^^^^^
  File "C:\Users\ADMIN\Documents\GitHub\Automated-trading-site\.venv\Lib\site-packages\channels\sessions.py", line 261, in __call__
    return await self.inner(wrapper.scope, receive, wrapper.send)
           ^^^^^^^^^^^^^^^^^^^^^^^^^^^^^^^^^^^^^^^^^^^^^^^^^^^^^^
  File "C:\Users\ADMIN\Documents\GitHub\Automated-trading-site\.venv\Lib\site-packages\channels\auth.py", line 185, in __call__
    return await super().__call__(scope, receive, send)
           ^^^^^^^^^^^^^^^^^^^^^^^^^^^^^^^^^^^^^^^^^^^^
  File "C:\Users\ADMIN\Documents\GitHub\Automated-trading-site\.venv\Lib\site-packages\channels\middleware.py", line 24, in __call__
    return await self.inner(scope, receive, send)
           ^^^^^^^^^^^^^^^^^^^^^^^^^^^^^^^^^^^^^^
  File "C:\Users\ADMIN\Documents\GitHub\Automated-trading-site\.venv\Lib\site-packages\channels\routing.py", line 118, in __call__
    return await application(
           ^^^^^^^^^^^^^^^^^^
    ...<10 lines>...
    )
    ^
  File "C:\Users\ADMIN\Documents\GitHub\Automated-trading-site\.venv\Lib\site-packages\channels\consumer.py", line 95, in app
    return await consumer(scope, receive, send)
           ^^^^^^^^^^^^^^^^^^^^^^^^^^^^^^^^^^^^
  File "C:\Users\ADMIN\Documents\GitHub\Automated-trading-site\.venv\Lib\site-packages\channels\consumer.py", line 44, in __call__
    self.channel_layer = get_channel_layer(self.channel_layer_alias)
                         ~~~~~~~~~~~~~~~~~^^^^^^^^^^^^^^^^^^^^^^^^^^
  File "C:\Users\ADMIN\Documents\GitHub\Automated-trading-site\.venv\Lib\site-packages\channels\layers.py", line 411, in get_channel_layer
    return channel_layers[alias]
           ~~~~~~~~~~~~~~^^^^^^^
  File "C:\Users\ADMIN\Documents\GitHub\Automated-trading-site\.venv\Lib\site-packages\channels\layers.py", line 83, in __getitem__
    self.backends[key] = self.make_backend(key)
                         ~~~~~~~~~~~~~~~~~^^^^^
  File "C:\Users\ADMIN\Documents\GitHub\Automated-trading-site\.venv\Lib\site-packages\channels\layers.py", line 45, in make_backend
    return self._make_backend(name, config)
           ~~~~~~~~~~~~~~~~~~^^^^^^^^^^^^^^
  File "C:\Users\ADMIN\Documents\GitHub\Automated-trading-site\.venv\Lib\site-packages\channels\layers.py", line 73, in _make_backend
    raise InvalidChannelLayerError(
    ...<2 lines>...
    )
channels.exceptions.InvalidChannelLayerError: Cannot import BACKEND 'channels_redis.core.RedisChannelLayer' specified for default
[2026-07-14 20:27:47,108] ERROR daphne.server Exception inside application: Cannot import BACKEND 'channels_redis.core.RedisChannelLayer' specified for default
Traceback (most recent call last):
  File "C:\Users\ADMIN\Documents\GitHub\Automated-trading-site\.venv\Lib\site-packages\channels\layers.py", line 71, in _make_backend
    backend_class = import_string(backend_module)
  File "C:\Users\ADMIN\Documents\GitHub\Automated-trading-site\.venv\Lib\site-packages\django\utils\module_loading.py", line 30, in import_string
    return cached_import(module_path, class_name)
  File "C:\Users\ADMIN\Documents\GitHub\Automated-trading-site\.venv\Lib\site-packages\django\utils\module_loading.py", line 15, in cached_import
    module = import_module(module_path)
  File "C:\Python314\Lib\importlib\__init__.py", line 88, in import_module
    return _bootstrap._gcd_import(name[level:], package, level)
           ~~~~~~~~~~~~~~~~~~~~~~^^^^^^^^^^^^^^^^^^^^^^^^^^^^^^
  File "<frozen importlib._bootstrap>", line 1406, in _gcd_import
  File "<frozen importlib._bootstrap>", line 1371, in _find_and_load
  File "<frozen importlib._bootstrap>", line 1314, in _find_and_load_unlocked
  File "<frozen importlib._bootstrap>", line 491, in _call_with_frames_removed
  File "<frozen importlib._bootstrap>", line 1406, in _gcd_import
  File "<frozen importlib._bootstrap>", line 1371, in _find_and_load
  File "<frozen importlib._bootstrap>", line 1335, in _find_and_load_unlocked
ModuleNotFoundError: No module named 'channels_redis'

During handling of the above exception, another exception occurred:

Traceback (most recent call last):
  File "C:\Users\ADMIN\Documents\GitHub\Automated-trading-site\.venv\Lib\site-packages\django\contrib\staticfiles\handlers.py", line 101, in __call__
    return await self.application(scope, receive, send)
           ^^^^^^^^^^^^^^^^^^^^^^^^^^^^^^^^^^^^^^^^^^^^
  File "C:\Users\ADMIN\Documents\GitHub\Automated-trading-site\.venv\Lib\site-packages\channels\routing.py", line 48, in __call__
    return await application(scope, receive, send)
           ^^^^^^^^^^^^^^^^^^^^^^^^^^^^^^^^^^^^^^^
  File "C:\Users\ADMIN\Documents\GitHub\Automated-trading-site\.venv\Lib\site-packages\channels\sessions.py", line 44, in __call__
    return await self.inner(dict(scope, cookies=cookies), receive, send)
           ^^^^^^^^^^^^^^^^^^^^^^^^^^^^^^^^^^^^^^^^^^^^^^^^^^^^^^^^^^^^^
  File "C:\Users\ADMIN\Documents\GitHub\Automated-trading-site\.venv\Lib\site-packages\channels\sessions.py", line 261, in __call__
    return await self.inner(wrapper.scope, receive, wrapper.send)
           ^^^^^^^^^^^^^^^^^^^^^^^^^^^^^^^^^^^^^^^^^^^^^^^^^^^^^^
  File "C:\Users\ADMIN\Documents\GitHub\Automated-trading-site\.venv\Lib\site-packages\channels\auth.py", line 185, in __call__
    return await super().__call__(scope, receive, send)
           ^^^^^^^^^^^^^^^^^^^^^^^^^^^^^^^^^^^^^^^^^^^^
  File "C:\Users\ADMIN\Documents\GitHub\Automated-trading-site\.venv\Lib\site-packages\channels\middleware.py", line 24, in __call__
    return await self.inner(scope, receive, send)
           ^^^^^^^^^^^^^^^^^^^^^^^^^^^^^^^^^^^^^^
  File "C:\Users\ADMIN\Documents\GitHub\Automated-trading-site\.venv\Lib\site-packages\channels\routing.py", line 118, in __call__
    return await application(
           ^^^^^^^^^^^^^^^^^^
    ...<10 lines>...
    )
    ^
  File "C:\Users\ADMIN\Documents\GitHub\Automated-trading-site\.venv\Lib\site-packages\channels\consumer.py", line 95, in app
    return await consumer(scope, receive, send)
           ^^^^^^^^^^^^^^^^^^^^^^^^^^^^^^^^^^^^
  File "C:\Users\ADMIN\Documents\GitHub\Automated-trading-site\.venv\Lib\site-packages\channels\consumer.py", line 44, in __call__
    self.channel_layer = get_channel_layer(self.channel_layer_alias)
                         ~~~~~~~~~~~~~~~~~^^^^^^^^^^^^^^^^^^^^^^^^^^
  File "C:\Users\ADMIN\Documents\GitHub\Automated-trading-site\.venv\Lib\site-packages\channels\layers.py", line 411, in get_channel_layer
    return channel_layers[alias]
           ~~~~~~~~~~~~~~^^^^^^^
  File "C:\Users\ADMIN\Documents\GitHub\Automated-trading-site\.venv\Lib\site-packages\channels\layers.py", line 83, in __getitem__
    self.backends[key] = self.make_backend(key)
                         ~~~~~~~~~~~~~~~~~^^^^^
  File "C:\Users\ADMIN\Documents\GitHub\Automated-trading-site\.venv\Lib\site-packages\channels\layers.py", line 45, in make_backend
    return self._make_backend(name, config)
           ~~~~~~~~~~~~~~~~~~^^^^^^^^^^^^^^
  File "C:\Users\ADMIN\Documents\GitHub\Automated-trading-site\.venv\Lib\site-packages\channels\layers.py", line 73, in _make_backend
    raise InvalidChannelLayerError(
    ...<2 lines>...
    )
channels.exceptions.InvalidChannelLayerError: Cannot import BACKEND 'channels_redis.core.RedisChannelLayer' specified for default
[2026-07-14 20:27:48,128] ERROR daphne.server Exception inside application: Cannot import BACKEND 'channels_redis.core.RedisChannelLayer' specified for default
Traceback (most recent call last):
  File "C:\Users\ADMIN\Documents\GitHub\Automated-trading-site\.venv\Lib\site-packages\channels\layers.py", line 71, in _make_backend
    backend_class = import_string(backend_module)
  File "C:\Users\ADMIN\Documents\GitHub\Automated-trading-site\.venv\Lib\site-packages\django\utils\module_loading.py", line 30, in import_string
    return cached_import(module_path, class_name)
  File "C:\Users\ADMIN\Documents\GitHub\Automated-trading-site\.venv\Lib\site-packages\django\utils\module_loading.py", line 15, in cached_import
    module = import_module(module_path)
  File "C:\Python314\Lib\importlib\__init__.py", line 88, in import_module
    return _bootstrap._gcd_import(name[level:], package, level)
           ~~~~~~~~~~~~~~~~~~~~~~^^^^^^^^^^^^^^^^^^^^^^^^^^^^^^
  File "<frozen importlib._bootstrap>", line 1406, in _gcd_import
  File "<frozen importlib._bootstrap>", line 1371, in _find_and_load
  File "<frozen importlib._bootstrap>", line 1314, in _find_and_load_unlocked
  File "<frozen importlib._bootstrap>", line 491, in _call_with_frames_removed
  File "<frozen importlib._bootstrap>", line 1406, in _gcd_import
  File "<frozen importlib._bootstrap>", line 1371, in _find_and_load
  File "<frozen importlib._bootstrap>", line 1335, in _find_and_load_unlocked
ModuleNotFoundError: No module named 'channels_redis'

During handling of the above exception, another exception occurred:

Traceback (most recent call last):
  File "C:\Users\ADMIN\Documents\GitHub\Automated-trading-site\.venv\Lib\site-packages\django\contrib\staticfiles\handlers.py", line 101, in __call__
    return await self.application(scope, receive, send)
           ^^^^^^^^^^^^^^^^^^^^^^^^^^^^^^^^^^^^^^^^^^^^
  File "C:\Users\ADMIN\Documents\GitHub\Automated-trading-site\.venv\Lib\site-packages\channels\routing.py", line 48, in __call__
    return await application(scope, receive, send)
           ^^^^^^^^^^^^^^^^^^^^^^^^^^^^^^^^^^^^^^^
  File "C:\Users\ADMIN\Documents\GitHub\Automated-trading-site\.venv\Lib\site-packages\channels\sessions.py", line 44, in __call__
    return await self.inner(dict(scope, cookies=cookies), receive, send)
           ^^^^^^^^^^^^^^^^^^^^^^^^^^^^^^^^^^^^^^^^^^^^^^^^^^^^^^^^^^^^^
  File "C:\Users\ADMIN\Documents\GitHub\Automated-trading-site\.venv\Lib\site-packages\channels\sessions.py", line 261, in __call__
    return await self.inner(wrapper.scope, receive, wrapper.send)
           ^^^^^^^^^^^^^^^^^^^^^^^^^^^^^^^^^^^^^^^^^^^^^^^^^^^^^^
  File "C:\Users\ADMIN\Documents\GitHub\Automated-trading-site\.venv\Lib\site-packages\channels\auth.py", line 185, in __call__
    return await super().__call__(scope, receive, send)
           ^^^^^^^^^^^^^^^^^^^^^^^^^^^^^^^^^^^^^^^^^^^^
  File "C:\Users\ADMIN\Documents\GitHub\Automated-trading-site\.venv\Lib\site-packages\channels\middleware.py", line 24, in __call__
    return await self.inner(scope, receive, send)
           ^^^^^^^^^^^^^^^^^^^^^^^^^^^^^^^^^^^^^^
  File "C:\Users\ADMIN\Documents\GitHub\Automated-trading-site\.venv\Lib\site-packages\channels\routing.py", line 118, in __call__
    return await application(
           ^^^^^^^^^^^^^^^^^^
    ...<10 lines>...
    )
    ^
  File "C:\Users\ADMIN\Documents\GitHub\Automated-trading-site\.venv\Lib\site-packages\channels\consumer.py", line 95, in app
    return await consumer(scope, receive, send)
           ^^^^^^^^^^^^^^^^^^^^^^^^^^^^^^^^^^^^
  File "C:\Users\ADMIN\Documents\GitHub\Automated-trading-site\.venv\Lib\site-packages\channels\consumer.py", line 44, in __call__
    self.channel_layer = get_channel_layer(self.channel_layer_alias)
                         ~~~~~~~~~~~~~~~~~^^^^^^^^^^^^^^^^^^^^^^^^^^
  File "C:\Users\ADMIN\Documents\GitHub\Automated-trading-site\.venv\Lib\site-packages\channels\layers.py", line 411, in get_channel_layer
    return channel_layers[alias]
           ~~~~~~~~~~~~~~^^^^^^^
  File "C:\Users\ADMIN\Documents\GitHub\Automated-trading-site\.venv\Lib\site-packages\channels\layers.py", line 83, in __getitem__
    self.backends[key] = self.make_backend(key)
                         ~~~~~~~~~~~~~~~~~^^^^^
  File "C:\Users\ADMIN\Documents\GitHub\Automated-trading-site\.venv\Lib\site-packages\channels\layers.py", line 45, in make_backend
    return self._make_backend(name, config)
           ~~~~~~~~~~~~~~~~~~^^^^^^^^^^^^^^
  File "C:\Users\ADMIN\Documents\GitHub\Automated-trading-site\.venv\Lib\site-packages\channels\layers.py", line 73, in _make_backend
    raise InvalidChannelLayerError(
    ...<2 lines>...
    )
channels.exceptions.InvalidChannelLayerError: Cannot import BACKEND 'channels_redis.core.RedisChannelLayer' specified for default
[2026-07-14 20:27:49,141] ERROR daphne.server Exception inside application: Cannot import BACKEND 'channels_redis.core.RedisChannelLayer' specified for default
Traceback (most recent call last):
  File "C:\Users\ADMIN\Documents\GitHub\Automated-trading-site\.venv\Lib\site-packages\channels\layers.py", line 71, in _make_backend
    backend_class = import_string(backend_module)
  File "C:\Users\ADMIN\Documents\GitHub\Automated-trading-site\.venv\Lib\site-packages\django\utils\module_loading.py", line 30, in import_string
    return cached_import(module_path, class_name)
  File "C:\Users\ADMIN\Documents\GitHub\Automated-trading-site\.venv\Lib\site-packages\django\utils\module_loading.py", line 15, in cached_import
    module = import_module(module_path)
  File "C:\Python314\Lib\importlib\__init__.py", line 88, in import_module
    return _bootstrap._gcd_import(name[level:], package, level)
           ~~~~~~~~~~~~~~~~~~~~~~^^^^^^^^^^^^^^^^^^^^^^^^^^^^^^
  File "<frozen importlib._bootstrap>", line 1406, in _gcd_import
  File "<frozen importlib._bootstrap>", line 1371, in _find_and_load
  File "<frozen importlib._bootstrap>", line 1314, in _find_and_load_unlocked
  File "<frozen importlib._bootstrap>", line 491, in _call_with_frames_removed
  File "<frozen importlib._bootstrap>", line 1406, in _gcd_import
  File "<frozen importlib._bootstrap>", line 1371, in _find_and_load
  File "<frozen importlib._bootstrap>", line 1335, in _find_and_load_unlocked
ModuleNotFoundError: No module named 'channels_redis'

During handling of the above exception, another exception occurred:

Traceback (most recent call last):
  File "C:\Users\ADMIN\Documents\GitHub\Automated-trading-site\.venv\Lib\site-packages\django\contrib\staticfiles\handlers.py", line 101, in __call__
    return await self.application(scope, receive, send)
           ^^^^^^^^^^^^^^^^^^^^^^^^^^^^^^^^^^^^^^^^^^^^
  File "C:\Users\ADMIN\Documents\GitHub\Automated-trading-site\.venv\Lib\site-packages\channels\routing.py", line 48, in __call__
    return await application(scope, receive, send)
           ^^^^^^^^^^^^^^^^^^^^^^^^^^^^^^^^^^^^^^^
  File "C:\Users\ADMIN\Documents\GitHub\Automated-trading-site\.venv\Lib\site-packages\channels\sessions.py", line 44, in __call__
    return await self.inner(dict(scope, cookies=cookies), receive, send)
           ^^^^^^^^^^^^^^^^^^^^^^^^^^^^^^^^^^^^^^^^^^^^^^^^^^^^^^^^^^^^^
  File "C:\Users\ADMIN\Documents\GitHub\Automated-trading-site\.venv\Lib\site-packages\channels\sessions.py", line 261, in __call__
    return await self.inner(wrapper.scope, receive, wrapper.send)
           ^^^^^^^^^^^^^^^^^^^^^^^^^^^^^^^^^^^^^^^^^^^^^^^^^^^^^^
  File "C:\Users\ADMIN\Documents\GitHub\Automated-trading-site\.venv\Lib\site-packages\channels\auth.py", line 185, in __call__
    return await super().__call__(scope, receive, send)
           ^^^^^^^^^^^^^^^^^^^^^^^^^^^^^^^^^^^^^^^^^^^^
  File "C:\Users\ADMIN\Documents\GitHub\Automated-trading-site\.venv\Lib\site-packages\channels\middleware.py", line 24, in __call__
    return await self.inner(scope, receive, send)
           ^^^^^^^^^^^^^^^^^^^^^^^^^^^^^^^^^^^^^^
  File "C:\Users\ADMIN\Documents\GitHub\Automated-trading-site\.venv\Lib\site-packages\channels\routing.py", line 118, in __call__
    return await application(
           ^^^^^^^^^^^^^^^^^^
    ...<10 lines>...
    )
    ^
  File "C:\Users\ADMIN\Documents\GitHub\Automated-trading-site\.venv\Lib\site-packages\channels\consumer.py", line 95, in app
    return await consumer(scope, receive, send)
           ^^^^^^^^^^^^^^^^^^^^^^^^^^^^^^^^^^^^
  File "C:\Users\ADMIN\Documents\GitHub\Automated-trading-site\.venv\Lib\site-packages\channels\consumer.py", line 44, in __call__
    self.channel_layer = get_channel_layer(self.channel_layer_alias)
                         ~~~~~~~~~~~~~~~~~^^^^^^^^^^^^^^^^^^^^^^^^^^
  File "C:\Users\ADMIN\Documents\GitHub\Automated-trading-site\.venv\Lib\site-packages\channels\layers.py", line 411, in get_channel_layer
    return channel_layers[alias]
           ~~~~~~~~~~~~~~^^^^^^^
  File "C:\Users\ADMIN\Documents\GitHub\Automated-trading-site\.venv\Lib\site-packages\channels\layers.py", line 83, in __getitem__
    self.backends[key] = self.make_backend(key)
                         ~~~~~~~~~~~~~~~~~^^^^^
  File "C:\Users\ADMIN\Documents\GitHub\Automated-trading-site\.venv\Lib\site-packages\channels\layers.py", line 45, in make_backend
    return self._make_backend(name, config)
           ~~~~~~~~~~~~~~~~~~^^^^^^^^^^^^^^
  File "C:\Users\ADMIN\Documents\GitHub\Automated-trading-site\.venv\Lib\site-packages\channels\layers.py", line 73, in _make_backend
    raise InvalidChannelLayerError(
    ...<2 lines>...
    )
channels.exceptions.InvalidChannelLayerError: Cannot import BACKEND 'channels_redis.core.RedisChannelLayer' specified for default
[2026-07-14 20:27:50,163] ERROR daphne.server Exception inside application: Cannot import BACKEND 'channels_redis.core.RedisChannelLayer' specified for default
Traceback (most recent call last):
  File "C:\Users\ADMIN\Documents\GitHub\Automated-trading-site\.venv\Lib\site-packages\channels\layers.py", line 71, in _make_backend
    backend_class = import_string(backend_module)
  File "C:\Users\ADMIN\Documents\GitHub\Automated-trading-site\.venv\Lib\site-packages\django\utils\module_loading.py", line 30, in import_string
    return cached_import(module_path, class_name)
  File "C:\Users\ADMIN\Documents\GitHub\Automated-trading-site\.venv\Lib\site-packages\django\utils\module_loading.py", line 15, in cached_import
    module = import_module(module_path)
  File "C:\Python314\Lib\importlib\__init__.py", line 88, in import_module
    return _bootstrap._gcd_import(name[level:], package, level)
           ~~~~~~~~~~~~~~~~~~~~~~^^^^^^^^^^^^^^^^^^^^^^^^^^^^^^
  File "<frozen importlib._bootstrap>", line 1406, in _gcd_import
  File "<frozen importlib._bootstrap>", line 1371, in _find_and_load
  File "<frozen importlib._bootstrap>", line 1314, in _find_and_load_unlocked
  File "<frozen importlib._bootstrap>", line 491, in _call_with_frames_removed
  File "<frozen importlib._bootstrap>", line 1406, in _gcd_import
  File "<frozen importlib._bootstrap>", line 1371, in _find_and_load
  File "<frozen importlib._bootstrap>", line 1335, in _find_and_load_unlocked
ModuleNotFoundError: No module named 'channels_redis'

During handling of the above exception, another exception occurred:

Traceback (most recent call last):
  File "C:\Users\ADMIN\Documents\GitHub\Automated-trading-site\.venv\Lib\site-packages\django\contrib\staticfiles\handlers.py", line 101, in __call__
    return await self.application(scope, receive, send)
           ^^^^^^^^^^^^^^^^^^^^^^^^^^^^^^^^^^^^^^^^^^^^
  File "C:\Users\ADMIN\Documents\GitHub\Automated-trading-site\.venv\Lib\site-packages\channels\routing.py", line 48, in __call__
    return await application(scope, receive, send)
           ^^^^^^^^^^^^^^^^^^^^^^^^^^^^^^^^^^^^^^^
  File "C:\Users\ADMIN\Documents\GitHub\Automated-trading-site\.venv\Lib\site-packages\channels\sessions.py", line 44, in __call__
    return await self.inner(dict(scope, cookies=cookies), receive, send)
           ^^^^^^^^^^^^^^^^^^^^^^^^^^^^^^^^^^^^^^^^^^^^^^^^^^^^^^^^^^^^^
  File "C:\Users\ADMIN\Documents\GitHub\Automated-trading-site\.venv\Lib\site-packages\channels\sessions.py", line 261, in __call__
    return await self.inner(wrapper.scope, receive, wrapper.send)
           ^^^^^^^^^^^^^^^^^^^^^^^^^^^^^^^^^^^^^^^^^^^^^^^^^^^^^^
  File "C:\Users\ADMIN\Documents\GitHub\Automated-trading-site\.venv\Lib\site-packages\channels\auth.py", line 185, in __call__
    return await super().__call__(scope, receive, send)
           ^^^^^^^^^^^^^^^^^^^^^^^^^^^^^^^^^^^^^^^^^^^^
  File "C:\Users\ADMIN\Documents\GitHub\Automated-trading-site\.venv\Lib\site-packages\channels\middleware.py", line 24, in __call__
    return await self.inner(scope, receive, send)
           ^^^^^^^^^^^^^^^^^^^^^^^^^^^^^^^^^^^^^^
  File "C:\Users\ADMIN\Documents\GitHub\Automated-trading-site\.venv\Lib\site-packages\channels\routing.py", line 118, in __call__
    return await application(
           ^^^^^^^^^^^^^^^^^^
    ...<10 lines>...
    )
    ^
  File "C:\Users\ADMIN\Documents\GitHub\Automated-trading-site\.venv\Lib\site-packages\channels\consumer.py", line 95, in app
    return await consumer(scope, receive, send)
           ^^^^^^^^^^^^^^^^^^^^^^^^^^^^^^^^^^^^
  File "C:\Users\ADMIN\Documents\GitHub\Automated-trading-site\.venv\Lib\site-packages\channels\consumer.py", line 44, in __call__
    self.channel_layer = get_channel_layer(self.channel_layer_alias)
                         ~~~~~~~~~~~~~~~~~^^^^^^^^^^^^^^^^^^^^^^^^^^
  File "C:\Users\ADMIN\Documents\GitHub\Automated-trading-site\.venv\Lib\site-packages\channels\layers.py", line 411, in get_channel_layer
    return channel_layers[alias]
           ~~~~~~~~~~~~~~^^^^^^^
  File "C:\Users\ADMIN\Documents\GitHub\Automated-trading-site\.venv\Lib\site-packages\channels\layers.py", line 83, in __getitem__
    self.backends[key] = self.make_backend(key)
                         ~~~~~~~~~~~~~~~~~^^^^^
  File "C:\Users\ADMIN\Documents\GitHub\Automated-trading-site\.venv\Lib\site-packages\channels\layers.py", line 45, in make_backend
    return self._make_backend(name, config)
           ~~~~~~~~~~~~~~~~~~^^^^^^^^^^^^^^
  File "C:\Users\ADMIN\Documents\GitHub\Automated-trading-site\.venv\Lib\site-packages\channels\layers.py", line 73, in _make_backend
    raise InvalidChannelLayerError(
    ...<2 lines>...
    )
channels.exceptions.InvalidChannelLayerError: Cannot import BACKEND 'channels_redis.core.RedisChannelLayer' specified for default
[2026-07-14 20:27:51,179] ERROR daphne.server Exception inside application: Cannot import BACKEND 'channels_redis.core.RedisChannelLayer' specified for default
Traceback (most recent call last):
  File "C:\Users\ADMIN\Documents\GitHub\Automated-trading-site\.venv\Lib\site-packages\channels\layers.py", line 71, in _make_backend
    backend_class = import_string(backend_module)
  File "C:\Users\ADMIN\Documents\GitHub\Automated-trading-site\.venv\Lib\site-packages\django\utils\module_loading.py", line 30, in import_string
    return cached_import(module_path, class_name)
  File "C:\Users\ADMIN\Documents\GitHub\Automated-trading-site\.venv\Lib\site-packages\django\utils\module_loading.py", line 15, in cached_import
    module = import_module(module_path)
  File "C:\Python314\Lib\importlib\__init__.py", line 88, in import_module
    return _bootstrap._gcd_import(name[level:], package, level)
           ~~~~~~~~~~~~~~~~~~~~~~^^^^^^^^^^^^^^^^^^^^^^^^^^^^^^
  File "<frozen importlib._bootstrap>", line 1406, in _gcd_import
  File "<frozen importlib._bootstrap>", line 1371, in _find_and_load
  File "<frozen importlib._bootstrap>", line 1314, in _find_and_load_unlocked
  File "<frozen importlib._bootstrap>", line 491, in _call_with_frames_removed
  File "<frozen importlib._bootstrap>", line 1406, in _gcd_import
  File "<frozen importlib._bootstrap>", line 1371, in _find_and_load
  File "<frozen importlib._bootstrap>", line 1335, in _find_and_load_unlocked
ModuleNotFoundError: No module named 'channels_redis'

During handling of the above exception, another exception occurred:

Traceback (most recent call last):
  File "C:\Users\ADMIN\Documents\GitHub\Automated-trading-site\.venv\Lib\site-packages\django\contrib\staticfiles\handlers.py", line 101, in __call__
    return await self.application(scope, receive, send)
           ^^^^^^^^^^^^^^^^^^^^^^^^^^^^^^^^^^^^^^^^^^^^
  File "C:\Users\ADMIN\Documents\GitHub\Automated-trading-site\.venv\Lib\site-packages\channels\routing.py", line 48, in __call__
    return await application(scope, receive, send)
           ^^^^^^^^^^^^^^^^^^^^^^^^^^^^^^^^^^^^^^^
  File "C:\Users\ADMIN\Documents\GitHub\Automated-trading-site\.venv\Lib\site-packages\channels\sessions.py", line 44, in __call__
    return await self.inner(dict(scope, cookies=cookies), receive, send)
           ^^^^^^^^^^^^^^^^^^^^^^^^^^^^^^^^^^^^^^^^^^^^^^^^^^^^^^^^^^^^^
  File "C:\Users\ADMIN\Documents\GitHub\Automated-trading-site\.venv\Lib\site-packages\channels\sessions.py", line 261, in __call__
    return await self.inner(wrapper.scope, receive, wrapper.send)
           ^^^^^^^^^^^^^^^^^^^^^^^^^^^^^^^^^^^^^^^^^^^^^^^^^^^^^^
  File "C:\Users\ADMIN\Documents\GitHub\Automated-trading-site\.venv\Lib\site-packages\channels\auth.py", line 185, in __call__
    return await super().__call__(scope, receive, send)
           ^^^^^^^^^^^^^^^^^^^^^^^^^^^^^^^^^^^^^^^^^^^^
  File "C:\Users\ADMIN\Documents\GitHub\Automated-trading-site\.venv\Lib\site-packages\channels\middleware.py", line 24, in __call__
    return await self.inner(scope, receive, send)
           ^^^^^^^^^^^^^^^^^^^^^^^^^^^^^^^^^^^^^^
  File "C:\Users\ADMIN\Documents\GitHub\Automated-trading-site\.venv\Lib\site-packages\channels\routing.py", line 118, in __call__
    return await application(
           ^^^^^^^^^^^^^^^^^^
    ...<10 lines>...
    )
    ^
  File "C:\Users\ADMIN\Documents\GitHub\Automated-trading-site\.venv\Lib\site-packages\channels\consumer.py", line 95, in app
    return await consumer(scope, receive, send)
           ^^^^^^^^^^^^^^^^^^^^^^^^^^^^^^^^^^^^
  File "C:\Users\ADMIN\Documents\GitHub\Automated-trading-site\.venv\Lib\site-packages\channels\consumer.py", line 44, in __call__
    self.channel_layer = get_channel_layer(self.channel_layer_alias)
                         ~~~~~~~~~~~~~~~~~^^^^^^^^^^^^^^^^^^^^^^^^^^
  File "C:\Users\ADMIN\Documents\GitHub\Automated-trading-site\.venv\Lib\site-packages\channels\layers.py", line 411, in get_channel_layer
    return channel_layers[alias]
           ~~~~~~~~~~~~~~^^^^^^^
  File "C:\Users\ADMIN\Documents\GitHub\Automated-trading-site\.venv\Lib\site-packages\channels\layers.py", line 83, in __getitem__
    self.backends[key] = self.make_backend(key)
                         ~~~~~~~~~~~~~~~~~^^^^^
  File "C:\Users\ADMIN\Documents\GitHub\Automated-trading-site\.venv\Lib\site-packages\channels\layers.py", line 45, in make_backend
    return self._make_backend(name, config)
           ~~~~~~~~~~~~~~~~~~^^^^^^^^^^^^^^
  File "C:\Users\ADMIN\Documents\GitHub\Automated-trading-site\.venv\Lib\site-packages\channels\layers.py", line 73, in _make_backend
    raise InvalidChannelLayerError(
    ...<2 lines>...
    )
channels.exceptions.InvalidChannelLayerError: Cannot import BACKEND 'channels_redis.core.RedisChannelLayer' specified for default
[2026-07-14 20:27:52,197] ERROR daphne.server Exception inside application: Cannot import BACKEND 'channels_redis.core.RedisChannelLayer' specified for default
Traceback (most recent call last):
  File "C:\Users\ADMIN\Documents\GitHub\Automated-trading-site\.venv\Lib\site-packages\channels\layers.py", line 71, in _make_backend
    backend_class = import_string(backend_module)
  File "C:\Users\ADMIN\Documents\GitHub\Automated-trading-site\.venv\Lib\site-packages\django\utils\module_loading.py", line 30, in import_string
    return cached_import(module_path, class_name)
  File "C:\Users\ADMIN\Documents\GitHub\Automated-trading-site\.venv\Lib\site-packages\django\utils\module_loading.py", line 15, in cached_import
    module = import_module(module_path)
  File "C:\Python314\Lib\importlib\__init__.py", line 88, in import_module
    return _bootstrap._gcd_import(name[level:], package, level)
           ~~~~~~~~~~~~~~~~~~~~~~^^^^^^^^^^^^^^^^^^^^^^^^^^^^^^
  File "<frozen importlib._bootstrap>", line 1406, in _gcd_import
  File "<frozen importlib._bootstrap>", line 1371, in _find_and_load
  File "<frozen importlib._bootstrap>", line 1314, in _find_and_load_unlocked
  File "<frozen importlib._bootstrap>", line 491, in _call_with_frames_removed
  File "<frozen importlib._bootstrap>", line 1406, in _gcd_import
  File "<frozen importlib._bootstrap>", line 1371, in _find_and_load
  File "<frozen importlib._bootstrap>", line 1335, in _find_and_load_unlocked
ModuleNotFoundError: No module named 'channels_redis'

During handling of the above exception, another exception occurred:

Traceback (most recent call last):
  File "C:\Users\ADMIN\Documents\GitHub\Automated-trading-site\.venv\Lib\site-packages\django\contrib\staticfiles\handlers.py", line 101, in __call__
    return await self.application(scope, receive, send)
           ^^^^^^^^^^^^^^^^^^^^^^^^^^^^^^^^^^^^^^^^^^^^
  File "C:\Users\ADMIN\Documents\GitHub\Automated-trading-site\.venv\Lib\site-packages\channels\routing.py", line 48, in __call__
    return await application(scope, receive, send)
           ^^^^^^^^^^^^^^^^^^^^^^^^^^^^^^^^^^^^^^^
  File "C:\Users\ADMIN\Documents\GitHub\Automated-trading-site\.venv\Lib\site-packages\channels\sessions.py", line 44, in __call__
    return await self.inner(dict(scope, cookies=cookies), receive, send)
           ^^^^^^^^^^^^^^^^^^^^^^^^^^^^^^^^^^^^^^^^^^^^^^^^^^^^^^^^^^^^^
  File "C:\Users\ADMIN\Documents\GitHub\Automated-trading-site\.venv\Lib\site-packages\channels\sessions.py", line 261, in __call__
    return await self.inner(wrapper.scope, receive, wrapper.send)
           ^^^^^^^^^^^^^^^^^^^^^^^^^^^^^^^^^^^^^^^^^^^^^^^^^^^^^^
  File "C:\Users\ADMIN\Documents\GitHub\Automated-trading-site\.venv\Lib\site-packages\channels\auth.py", line 185, in __call__
    return await super().__call__(scope, receive, send)
           ^^^^^^^^^^^^^^^^^^^^^^^^^^^^^^^^^^^^^^^^^^^^
  File "C:\Users\ADMIN\Documents\GitHub\Automated-trading-site\.venv\Lib\site-packages\channels\middleware.py", line 24, in __call__
    return await self.inner(scope, receive, send)
           ^^^^^^^^^^^^^^^^^^^^^^^^^^^^^^^^^^^^^^
  File "C:\Users\ADMIN\Documents\GitHub\Automated-trading-site\.venv\Lib\site-packages\channels\routing.py", line 118, in __call__
    return await application(
           ^^^^^^^^^^^^^^^^^^
    ...<10 lines>...
    )
    ^
  File "C:\Users\ADMIN\Documents\GitHub\Automated-trading-site\.venv\Lib\site-packages\channels\consumer.py", line 95, in app
    return await consumer(scope, receive, send)
           ^^^^^^^^^^^^^^^^^^^^^^^^^^^^^^^^^^^^
  File "C:\Users\ADMIN\Documents\GitHub\Automated-trading-site\.venv\Lib\site-packages\channels\consumer.py", line 44, in __call__
    self.channel_layer = get_channel_layer(self.channel_layer_alias)
                         ~~~~~~~~~~~~~~~~~^^^^^^^^^^^^^^^^^^^^^^^^^^
  File "C:\Users\ADMIN\Documents\GitHub\Automated-trading-site\.venv\Lib\site-packages\channels\layers.py", line 411, in get_channel_layer
    return channel_layers[alias]
           ~~~~~~~~~~~~~~^^^^^^^
  File "C:\Users\ADMIN\Documents\GitHub\Automated-trading-site\.venv\Lib\site-packages\channels\layers.py", line 83, in __getitem__
    self.backends[key] = self.make_backend(key)
                         ~~~~~~~~~~~~~~~~~^^^^^
  File "C:\Users\ADMIN\Documents\GitHub\Automated-trading-site\.venv\Lib\site-packages\channels\layers.py", line 45, in make_backend
    return self._make_backend(name, config)
           ~~~~~~~~~~~~~~~~~~^^^^^^^^^^^^^^
  File "C:\Users\ADMIN\Documents\GitHub\Automated-trading-site\.venv\Lib\site-packages\channels\layers.py", line 73, in _make_backend
    raise InvalidChannelLayerError(
    ...<2 lines>...
    )
channels.exceptions.InvalidChannelLayerError: Cannot import BACKEND 'channels_redis.core.RedisChannelLayer' specified for default
[2026-07-14 20:27:53,256] ERROR daphne.server Exception inside application: Cannot import BACKEND 'channels_redis.core.RedisChannelLayer' specified for default
Traceback (most recent call last):
  File "C:\Users\ADMIN\Documents\GitHub\Automated-trading-site\.venv\Lib\site-packages\channels\layers.py", line 71, in _make_backend
    backend_class = import_string(backend_module)
  File "C:\Users\ADMIN\Documents\GitHub\Automated-trading-site\.venv\Lib\site-packages\django\utils\module_loading.py", line 30, in import_string
    return cached_import(module_path, class_name)
  File "C:\Users\ADMIN\Documents\GitHub\Automated-trading-site\.venv\Lib\site-packages\django\utils\module_loading.py", line 15, in cached_import
    module = import_module(module_path)
  File "C:\Python314\Lib\importlib\__init__.py", line 88, in import_module
    return _bootstrap._gcd_import(name[level:], package, level)
           ~~~~~~~~~~~~~~~~~~~~~~^^^^^^^^^^^^^^^^^^^^^^^^^^^^^^
  File "<frozen importlib._bootstrap>", line 1406, in _gcd_import
  File "<frozen importlib._bootstrap>", line 1371, in _find_and_load
  File "<frozen importlib._bootstrap>", line 1314, in _find_and_load_unlocked
  File "<frozen importlib._bootstrap>", line 491, in _call_with_frames_removed
  File "<frozen importlib._bootstrap>", line 1406, in _gcd_import
  File "<frozen importlib._bootstrap>", line 1371, in _find_and_load
  File "<frozen importlib._bootstrap>", line 1335, in _find_and_load_unlocked
ModuleNotFoundError: No module named 'channels_redis'

During handling of the above exception, another exception occurred:

Traceback (most recent call last):
  File "C:\Users\ADMIN\Documents\GitHub\Automated-trading-site\.venv\Lib\site-packages\django\contrib\staticfiles\handlers.py", line 101, in __call__
    return await self.application(scope, receive, send)
           ^^^^^^^^^^^^^^^^^^^^^^^^^^^^^^^^^^^^^^^^^^^^
  File "C:\Users\ADMIN\Documents\GitHub\Automated-trading-site\.venv\Lib\site-packages\channels\routing.py", line 48, in __call__
    return await application(scope, receive, send)
           ^^^^^^^^^^^^^^^^^^^^^^^^^^^^^^^^^^^^^^^
  File "C:\Users\ADMIN\Documents\GitHub\Automated-trading-site\.venv\Lib\site-packages\channels\sessions.py", line 44, in __call__
    return await self.inner(dict(scope, cookies=cookies), receive, send)
           ^^^^^^^^^^^^^^^^^^^^^^^^^^^^^^^^^^^^^^^^^^^^^^^^^^^^^^^^^^^^^
  File "C:\Users\ADMIN\Documents\GitHub\Automated-trading-site\.venv\Lib\site-packages\channels\sessions.py", line 261, in __call__
    return await self.inner(wrapper.scope, receive, wrapper.send)
           ^^^^^^^^^^^^^^^^^^^^^^^^^^^^^^^^^^^^^^^^^^^^^^^^^^^^^^
  File "C:\Users\ADMIN\Documents\GitHub\Automated-trading-site\.venv\Lib\site-packages\channels\auth.py", line 185, in __call__
    return await super().__call__(scope, receive, send)
           ^^^^^^^^^^^^^^^^^^^^^^^^^^^^^^^^^^^^^^^^^^^^
  File "C:\Users\ADMIN\Documents\GitHub\Automated-trading-site\.venv\Lib\site-packages\channels\middleware.py", line 24, in __call__
    return await self.inner(scope, receive, send)
           ^^^^^^^^^^^^^^^^^^^^^^^^^^^^^^^^^^^^^^
  File "C:\Users\ADMIN\Documents\GitHub\Automated-trading-site\.venv\Lib\site-packages\channels\routing.py", line 118, in __call__
    return await application(
           ^^^^^^^^^^^^^^^^^^
    ...<10 lines>...
    )
    ^
  File "C:\Users\ADMIN\Documents\GitHub\Automated-trading-site\.venv\Lib\site-packages\channels\consumer.py", line 95, in app
    return await consumer(scope, receive, send)
           ^^^^^^^^^^^^^^^^^^^^^^^^^^^^^^^^^^^^
  File "C:\Users\ADMIN\Documents\GitHub\Automated-trading-site\.venv\Lib\site-packages\channels\consumer.py", line 44, in __call__
    self.channel_layer = get_channel_layer(self.channel_layer_alias)
                         ~~~~~~~~~~~~~~~~~^^^^^^^^^^^^^^^^^^^^^^^^^^
  File "C:\Users\ADMIN\Documents\GitHub\Automated-trading-site\.venv\Lib\site-packages\channels\layers.py", line 411, in get_channel_layer
    return channel_layers[alias]
           ~~~~~~~~~~~~~~^^^^^^^
  File "C:\Users\ADMIN\Documents\GitHub\Automated-trading-site\.venv\Lib\site-packages\channels\layers.py", line 83, in __getitem__
    self.backends[key] = self.make_backend(key)
                         ~~~~~~~~~~~~~~~~~^^^^^
  File "C:\Users\ADMIN\Documents\GitHub\Automated-trading-site\.venv\Lib\site-packages\channels\layers.py", line 45, in make_backend
    return self._make_backend(name, config)
           ~~~~~~~~~~~~~~~~~~^^^^^^^^^^^^^^
  File "C:\Users\ADMIN\Documents\GitHub\Automated-trading-site\.venv\Lib\site-packages\channels\layers.py", line 73, in _make_backend
    raise InvalidChannelLayerError(
    ...<2 lines>...
    )
channels.exceptions.InvalidChannelLayerError: Cannot import BACKEND 'channels_redis.core.RedisChannelLayer' specified for default
[2026-07-14 20:27:54,272] ERROR daphne.server Exception inside application: Cannot import BACKEND 'channels_redis.core.RedisChannelLayer' specified for default
Traceback (most recent call last):
  File "C:\Users\ADMIN\Documents\GitHub\Automated-trading-site\.venv\Lib\site-packages\channels\layers.py", line 71, in _make_backend
    backend_class = import_string(backend_module)
  File "C:\Users\ADMIN\Documents\GitHub\Automated-trading-site\.venv\Lib\site-packages\django\utils\module_loading.py", line 30, in import_string
    return cached_import(module_path, class_name)
  File "C:\Users\ADMIN\Documents\GitHub\Automated-trading-site\.venv\Lib\site-packages\django\utils\module_loading.py", line 15, in cached_import
    module = import_module(module_path)
  File "C:\Python314\Lib\importlib\__init__.py", line 88, in import_module
    return _bootstrap._gcd_import(name[level:], package, level)
           ~~~~~~~~~~~~~~~~~~~~~~^^^^^^^^^^^^^^^^^^^^^^^^^^^^^^
  File "<frozen importlib._bootstrap>", line 1406, in _gcd_import
  File "<frozen importlib._bootstrap>", line 1371, in _find_and_load
  File "<frozen importlib._bootstrap>", line 1314, in _find_and_load_unlocked
  File "<frozen importlib._bootstrap>", line 491, in _call_with_frames_removed
  File "<frozen importlib._bootstrap>", line 1406, in _gcd_import
  File "<frozen importlib._bootstrap>", line 1371, in _find_and_load
  File "<frozen importlib._bootstrap>", line 1335, in _find_and_load_unlocked
ModuleNotFoundError: No module named 'channels_redis'

During handling of the above exception, another exception occurred:

Traceback (most recent call last):
  File "C:\Users\ADMIN\Documents\GitHub\Automated-trading-site\.venv\Lib\site-packages\django\contrib\staticfiles\handlers.py", line 101, in __call__
    return await self.application(scope, receive, send)
           ^^^^^^^^^^^^^^^^^^^^^^^^^^^^^^^^^^^^^^^^^^^^
  File "C:\Users\ADMIN\Documents\GitHub\Automated-trading-site\.venv\Lib\site-packages\channels\routing.py", line 48, in __call__
    return await application(scope, receive, send)
           ^^^^^^^^^^^^^^^^^^^^^^^^^^^^^^^^^^^^^^^
  File "C:\Users\ADMIN\Documents\GitHub\Automated-trading-site\.venv\Lib\site-packages\channels\sessions.py", line 44, in __call__
    return await self.inner(dict(scope, cookies=cookies), receive, send)
           ^^^^^^^^^^^^^^^^^^^^^^^^^^^^^^^^^^^^^^^^^^^^^^^^^^^^^^^^^^^^^
  File "C:\Users\ADMIN\Documents\GitHub\Automated-trading-site\.venv\Lib\site-packages\channels\sessions.py", line 261, in __call__
    return await self.inner(wrapper.scope, receive, wrapper.send)
           ^^^^^^^^^^^^^^^^^^^^^^^^^^^^^^^^^^^^^^^^^^^^^^^^^^^^^^
  File "C:\Users\ADMIN\Documents\GitHub\Automated-trading-site\.venv\Lib\site-packages\channels\auth.py", line 185, in __call__
    return await super().__call__(scope, receive, send)
           ^^^^^^^^^^^^^^^^^^^^^^^^^^^^^^^^^^^^^^^^^^^^
  File "C:\Users\ADMIN\Documents\GitHub\Automated-trading-site\.venv\Lib\site-packages\channels\middleware.py", line 24, in __call__
    return await self.inner(scope, receive, send)
           ^^^^^^^^^^^^^^^^^^^^^^^^^^^^^^^^^^^^^^
  File "C:\Users\ADMIN\Documents\GitHub\Automated-trading-site\.venv\Lib\site-packages\channels\routing.py", line 118, in __call__
    return await application(
           ^^^^^^^^^^^^^^^^^^
    ...<10 lines>...
    )
    ^
  File "C:\Users\ADMIN\Documents\GitHub\Automated-trading-site\.venv\Lib\site-packages\channels\consumer.py", line 95, in app
    return await consumer(scope, receive, send)
           ^^^^^^^^^^^^^^^^^^^^^^^^^^^^^^^^^^^^
  File "C:\Users\ADMIN\Documents\GitHub\Automated-trading-site\.venv\Lib\site-packages\channels\consumer.py", line 44, in __call__
    self.channel_layer = get_channel_layer(self.channel_layer_alias)
                         ~~~~~~~~~~~~~~~~~^^^^^^^^^^^^^^^^^^^^^^^^^^
  File "C:\Users\ADMIN\Documents\GitHub\Automated-trading-site\.venv\Lib\site-packages\channels\layers.py", line 411, in get_channel_layer
    return channel_layers[alias]
           ~~~~~~~~~~~~~~^^^^^^^
  File "C:\Users\ADMIN\Documents\GitHub\Automated-trading-site\.venv\Lib\site-packages\channels\layers.py", line 83, in __getitem__
    self.backends[key] = self.make_backend(key)
                         ~~~~~~~~~~~~~~~~~^^^^^
  File "C:\Users\ADMIN\Documents\GitHub\Automated-trading-site\.venv\Lib\site-packages\channels\layers.py", line 45, in make_backend
    return self._make_backend(name, config)
           ~~~~~~~~~~~~~~~~~~^^^^^^^^^^^^^^
  File "C:\Users\ADMIN\Documents\GitHub\Automated-trading-site\.venv\Lib\site-packages\channels\layers.py", line 73, in _make_backend
    raise InvalidChannelLayerError(
    ...<2 lines>...
    )
channels.exceptions.InvalidChannelLayerError: Cannot import BACKEND 'channels_redis.core.RedisChannelLayer' specified for default
[2026-07-14 20:27:55,280] ERROR daphne.server Exception inside application: Cannot import BACKEND 'channels_redis.core.RedisChannelLayer' specified for default
Traceback (most recent call last):
  File "C:\Users\ADMIN\Documents\GitHub\Automated-trading-site\.venv\Lib\site-packages\channels\layers.py", line 71, in _make_backend
    backend_class = import_string(backend_module)
  File "C:\Users\ADMIN\Documents\GitHub\Automated-trading-site\.venv\Lib\site-packages\django\utils\module_loading.py", line 30, in import_string
    return cached_import(module_path, class_name)
  File "C:\Users\ADMIN\Documents\GitHub\Automated-trading-site\.venv\Lib\site-packages\django\utils\module_loading.py", line 15, in cached_import
    module = import_module(module_path)
  File "C:\Python314\Lib\importlib\__init__.py", line 88, in import_module
    return _bootstrap._gcd_import(name[level:], package, level)
           ~~~~~~~~~~~~~~~~~~~~~~^^^^^^^^^^^^^^^^^^^^^^^^^^^^^^
  File "<frozen importlib._bootstrap>", line 1406, in _gcd_import
  File "<frozen importlib._bootstrap>", line 1371, in _find_and_load
  File "<frozen importlib._bootstrap>", line 1314, in _find_and_load_unlocked
  File "<frozen importlib._bootstrap>", line 491, in _call_with_frames_removed
  File "<frozen importlib._bootstrap>", line 1406, in _gcd_import
  File "<frozen importlib._bootstrap>", line 1371, in _find_and_load
  File "<frozen importlib._bootstrap>", line 1335, in _find_and_load_unlocked
ModuleNotFoundError: No module named 'channels_redis'

During handling of the above exception, another exception occurred:

Traceback (most recent call last):
  File "C:\Users\ADMIN\Documents\GitHub\Automated-trading-site\.venv\Lib\site-packages\django\contrib\staticfiles\handlers.py", line 101, in __call__
    return await self.application(scope, receive, send)
           ^^^^^^^^^^^^^^^^^^^^^^^^^^^^^^^^^^^^^^^^^^^^
  File "C:\Users\ADMIN\Documents\GitHub\Automated-trading-site\.venv\Lib\site-packages\channels\routing.py", line 48, in __call__
    return await application(scope, receive, send)
           ^^^^^^^^^^^^^^^^^^^^^^^^^^^^^^^^^^^^^^^
  File "C:\Users\ADMIN\Documents\GitHub\Automated-trading-site\.venv\Lib\site-packages\channels\sessions.py", line 44, in __call__
    return await self.inner(dict(scope, cookies=cookies), receive, send)
           ^^^^^^^^^^^^^^^^^^^^^^^^^^^^^^^^^^^^^^^^^^^^^^^^^^^^^^^^^^^^^
  File "C:\Users\ADMIN\Documents\GitHub\Automated-trading-site\.venv\Lib\site-packages\channels\sessions.py", line 261, in __call__
    return await self.inner(wrapper.scope, receive, wrapper.send)
           ^^^^^^^^^^^^^^^^^^^^^^^^^^^^^^^^^^^^^^^^^^^^^^^^^^^^^^
  File "C:\Users\ADMIN\Documents\GitHub\Automated-trading-site\.venv\Lib\site-packages\channels\auth.py", line 185, in __call__
    return await super().__call__(scope, receive, send)
           ^^^^^^^^^^^^^^^^^^^^^^^^^^^^^^^^^^^^^^^^^^^^
  File "C:\Users\ADMIN\Documents\GitHub\Automated-trading-site\.venv\Lib\site-packages\channels\middleware.py", line 24, in __call__
    return await self.inner(scope, receive, send)
           ^^^^^^^^^^^^^^^^^^^^^^^^^^^^^^^^^^^^^^
  File "C:\Users\ADMIN\Documents\GitHub\Automated-trading-site\.venv\Lib\site-packages\channels\routing.py", line 118, in __call__
    return await application(
           ^^^^^^^^^^^^^^^^^^
    ...<10 lines>...
    )
    ^
  File "C:\Users\ADMIN\Documents\GitHub\Automated-trading-site\.venv\Lib\site-packages\channels\consumer.py", line 95, in app
    return await consumer(scope, receive, send)
           ^^^^^^^^^^^^^^^^^^^^^^^^^^^^^^^^^^^^
  File "C:\Users\ADMIN\Documents\GitHub\Automated-trading-site\.venv\Lib\site-packages\channels\consumer.py", line 44, in __call__
    self.channel_layer = get_channel_layer(self.channel_layer_alias)
                         ~~~~~~~~~~~~~~~~~^^^^^^^^^^^^^^^^^^^^^^^^^^
  File "C:\Users\ADMIN\Documents\GitHub\Automated-trading-site\.venv\Lib\site-packages\channels\layers.py", line 411, in get_channel_layer
    return channel_layers[alias]
           ~~~~~~~~~~~~~~^^^^^^^
  File "C:\Users\ADMIN\Documents\GitHub\Automated-trading-site\.venv\Lib\site-packages\channels\layers.py", line 83, in __getitem__
    self.backends[key] = self.make_backend(key)
                         ~~~~~~~~~~~~~~~~~^^^^^
  File "C:\Users\ADMIN\Documents\GitHub\Automated-trading-site\.venv\Lib\site-packages\channels\layers.py", line 45, in make_backend
    return self._make_backend(name, config)
           ~~~~~~~~~~~~~~~~~~^^^^^^^^^^^^^^
  File "C:\Users\ADMIN\Documents\GitHub\Automated-trading-site\.venv\Lib\site-packages\channels\layers.py", line 73, in _make_backend
    raise InvalidChannelLayerError(
    ...<2 lines>...
    )
channels.exceptions.InvalidChannelLayerError: Cannot import BACKEND 'channels_redis.core.RedisChannelLayer' specified for default
[2026-07-14 20:27:56,304] ERROR daphne.server Exception inside application: Cannot import BACKEND 'channels_redis.core.RedisChannelLayer' specified for default
Traceback (most recent call last):
  File "C:\Users\ADMIN\Documents\GitHub\Automated-trading-site\.venv\Lib\site-packages\channels\layers.py", line 71, in _make_backend
    backend_class = import_string(backend_module)
  File "C:\Users\ADMIN\Documents\GitHub\Automated-trading-site\.venv\Lib\site-packages\django\utils\module_loading.py", line 30, in import_string
    return cached_import(module_path, class_name)
  File "C:\Users\ADMIN\Documents\GitHub\Automated-trading-site\.venv\Lib\site-packages\django\utils\module_loading.py", line 15, in cached_import
    module = import_module(module_path)
  File "C:\Python314\Lib\importlib\__init__.py", line 88, in import_module
    return _bootstrap._gcd_import(name[level:], package, level)
           ~~~~~~~~~~~~~~~~~~~~~~^^^^^^^^^^^^^^^^^^^^^^^^^^^^^^
  File "<frozen importlib._bootstrap>", line 1406, in _gcd_import
  File "<frozen importlib._bootstrap>", line 1371, in _find_and_load
  File "<frozen importlib._bootstrap>", line 1314, in _find_and_load_unlocked
  File "<frozen importlib._bootstrap>", line 491, in _call_with_frames_removed
  File "<frozen importlib._bootstrap>", line 1406, in _gcd_import
  File "<frozen importlib._bootstrap>", line 1371, in _find_and_load
  File "<frozen importlib._bootstrap>", line 1335, in _find_and_load_unlocked
ModuleNotFoundError: No module named 'channels_redis'

During handling of the above exception, another exception occurred:

Traceback (most recent call last):
  File "C:\Users\ADMIN\Documents\GitHub\Automated-trading-site\.venv\Lib\site-packages\django\contrib\staticfiles\handlers.py", line 101, in __call__
    return await self.application(scope, receive, send)
           ^^^^^^^^^^^^^^^^^^^^^^^^^^^^^^^^^^^^^^^^^^^^
  File "C:\Users\ADMIN\Documents\GitHub\Automated-trading-site\.venv\Lib\site-packages\channels\routing.py", line 48, in __call__
    return await application(scope, receive, send)
           ^^^^^^^^^^^^^^^^^^^^^^^^^^^^^^^^^^^^^^^
  File "C:\Users\ADMIN\Documents\GitHub\Automated-trading-site\.venv\Lib\site-packages\channels\sessions.py", line 44, in __call__
    return await self.inner(dict(scope, cookies=cookies), receive, send)
           ^^^^^^^^^^^^^^^^^^^^^^^^^^^^^^^^^^^^^^^^^^^^^^^^^^^^^^^^^^^^^
  File "C:\Users\ADMIN\Documents\GitHub\Automated-trading-site\.venv\Lib\site-packages\channels\sessions.py", line 261, in __call__
    return await self.inner(wrapper.scope, receive, wrapper.send)
           ^^^^^^^^^^^^^^^^^^^^^^^^^^^^^^^^^^^^^^^^^^^^^^^^^^^^^^
  File "C:\Users\ADMIN\Documents\GitHub\Automated-trading-site\.venv\Lib\site-packages\channels\auth.py", line 185, in __call__
    return await super().__call__(scope, receive, send)
           ^^^^^^^^^^^^^^^^^^^^^^^^^^^^^^^^^^^^^^^^^^^^
  File "C:\Users\ADMIN\Documents\GitHub\Automated-trading-site\.venv\Lib\site-packages\channels\middleware.py", line 24, in __call__
    return await self.inner(scope, receive, send)
           ^^^^^^^^^^^^^^^^^^^^^^^^^^^^^^^^^^^^^^
  File "C:\Users\ADMIN\Documents\GitHub\Automated-trading-site\.venv\Lib\site-packages\channels\routing.py", line 118, in __call__
    return await application(
           ^^^^^^^^^^^^^^^^^^
    ...<10 lines>...
    )
    ^
  File "C:\Users\ADMIN\Documents\GitHub\Automated-trading-site\.venv\Lib\site-packages\channels\consumer.py", line 95, in app
    return await consumer(scope, receive, send)
           ^^^^^^^^^^^^^^^^^^^^^^^^^^^^^^^^^^^^
  File "C:\Users\ADMIN\Documents\GitHub\Automated-trading-site\.venv\Lib\site-packages\channels\consumer.py", line 44, in __call__
    self.channel_layer = get_channel_layer(self.channel_layer_alias)
                         ~~~~~~~~~~~~~~~~~^^^^^^^^^^^^^^^^^^^^^^^^^^
  File "C:\Users\ADMIN\Documents\GitHub\Automated-trading-site\.venv\Lib\site-packages\channels\layers.py", line 411, in get_channel_layer
    return channel_layers[alias]
           ~~~~~~~~~~~~~~^^^^^^^
  File "C:\Users\ADMIN\Documents\GitHub\Automated-trading-site\.venv\Lib\site-packages\channels\layers.py", line 83, in __getitem__
    self.backends[key] = self.make_backend(key)
                         ~~~~~~~~~~~~~~~~~^^^^^
  File "C:\Users\ADMIN\Documents\GitHub\Automated-trading-site\.venv\Lib\site-packages\channels\layers.py", line 45, in make_backend
    return self._make_backend(name, config)
           ~~~~~~~~~~~~~~~~~~^^^^^^^^^^^^^^
  File "C:\Users\ADMIN\Documents\GitHub\Automated-trading-site\.venv\Lib\site-packages\channels\layers.py", line 73, in _make_backend
    raise InvalidChannelLayerError(
    ...<2 lines>...
    )
channels.exceptions.InvalidChannelLayerError: Cannot import BACKEND 'channels_redis.core.RedisChannelLayer' specified for default
[2026-07-14 20:27:57,319] ERROR daphne.server Exception inside application: Cannot import BACKEND 'channels_redis.core.RedisChannelLayer' specified for default
Traceback (most recent call last):
  File "C:\Users\ADMIN\Documents\GitHub\Automated-trading-site\.venv\Lib\site-packages\channels\layers.py", line 71, in _make_backend
    backend_class = import_string(backend_module)
  File "C:\Users\ADMIN\Documents\GitHub\Automated-trading-site\.venv\Lib\site-packages\django\utils\module_loading.py", line 30, in import_string
    return cached_import(module_path, class_name)
  File "C:\Users\ADMIN\Documents\GitHub\Automated-trading-site\.venv\Lib\site-packages\django\utils\module_loading.py", line 15, in cached_import
    module = import_module(module_path)
  File "C:\Python314\Lib\importlib\__init__.py", line 88, in import_module
    return _bootstrap._gcd_import(name[level:], package, level)
           ~~~~~~~~~~~~~~~~~~~~~~^^^^^^^^^^^^^^^^^^^^^^^^^^^^^^
  File "<frozen importlib._bootstrap>", line 1406, in _gcd_import
  File "<frozen importlib._bootstrap>", line 1371, in _find_and_load
  File "<frozen importlib._bootstrap>", line 1314, in _find_and_load_unlocked
  File "<frozen importlib._bootstrap>", line 491, in _call_with_frames_removed
  File "<frozen importlib._bootstrap>", line 1406, in _gcd_import
  File "<frozen importlib._bootstrap>", line 1371, in _find_and_load
  File "<frozen importlib._bootstrap>", line 1335, in _find_and_load_unlocked
ModuleNotFoundError: No module named 'channels_redis'

During handling of the above exception, another exception occurred:

Traceback (most recent call last):
  File "C:\Users\ADMIN\Documents\GitHub\Automated-trading-site\.venv\Lib\site-packages\django\contrib\staticfiles\handlers.py", line 101, in __call__
    return await self.application(scope, receive, send)
           ^^^^^^^^^^^^^^^^^^^^^^^^^^^^^^^^^^^^^^^^^^^^
  File "C:\Users\ADMIN\Documents\GitHub\Automated-trading-site\.venv\Lib\site-packages\channels\routing.py", line 48, in __call__
    return await application(scope, receive, send)
           ^^^^^^^^^^^^^^^^^^^^^^^^^^^^^^^^^^^^^^^
  File "C:\Users\ADMIN\Documents\GitHub\Automated-trading-site\.venv\Lib\site-packages\channels\sessions.py", line 44, in __call__
    return await self.inner(dict(scope, cookies=cookies), receive, send)
           ^^^^^^^^^^^^^^^^^^^^^^^^^^^^^^^^^^^^^^^^^^^^^^^^^^^^^^^^^^^^^
  File "C:\Users\ADMIN\Documents\GitHub\Automated-trading-site\.venv\Lib\site-packages\channels\sessions.py", line 261, in __call__
    return await self.inner(wrapper.scope, receive, wrapper.send)
           ^^^^^^^^^^^^^^^^^^^^^^^^^^^^^^^^^^^^^^^^^^^^^^^^^^^^^^
  File "C:\Users\ADMIN\Documents\GitHub\Automated-trading-site\.venv\Lib\site-packages\channels\auth.py", line 185, in __call__
    return await super().__call__(scope, receive, send)
           ^^^^^^^^^^^^^^^^^^^^^^^^^^^^^^^^^^^^^^^^^^^^
  File "C:\Users\ADMIN\Documents\GitHub\Automated-trading-site\.venv\Lib\site-packages\channels\middleware.py", line 24, in __call__
    return await self.inner(scope, receive, send)
           ^^^^^^^^^^^^^^^^^^^^^^^^^^^^^^^^^^^^^^
  File "C:\Users\ADMIN\Documents\GitHub\Automated-trading-site\.venv\Lib\site-packages\channels\routing.py", line 118, in __call__
    return await application(
           ^^^^^^^^^^^^^^^^^^
    ...<10 lines>...
    )
    ^
  File "C:\Users\ADMIN\Documents\GitHub\Automated-trading-site\.venv\Lib\site-packages\channels\consumer.py", line 95, in app
    return await consumer(scope, receive, send)
           ^^^^^^^^^^^^^^^^^^^^^^^^^^^^^^^^^^^^
  File "C:\Users\ADMIN\Documents\GitHub\Automated-trading-site\.venv\Lib\site-packages\channels\consumer.py", line 44, in __call__
    self.channel_layer = get_channel_layer(self.channel_layer_alias)
                         ~~~~~~~~~~~~~~~~~^^^^^^^^^^^^^^^^^^^^^^^^^^
  File "C:\Users\ADMIN\Documents\GitHub\Automated-trading-site\.venv\Lib\site-packages\channels\layers.py", line 411, in get_channel_layer
    return channel_layers[alias]
           ~~~~~~~~~~~~~~^^^^^^^
  File "C:\Users\ADMIN\Documents\GitHub\Automated-trading-site\.venv\Lib\site-packages\channels\layers.py", line 83, in __getitem__
    self.backends[key] = self.make_backend(key)
                         ~~~~~~~~~~~~~~~~~^^^^^
  File "C:\Users\ADMIN\Documents\GitHub\Automated-trading-site\.venv\Lib\site-packages\channels\layers.py", line 45, in make_backend
    return self._make_backend(name, config)
           ~~~~~~~~~~~~~~~~~~^^^^^^^^^^^^^^
  File "C:\Users\ADMIN\Documents\GitHub\Automated-trading-site\.venv\Lib\site-packages\channels\layers.py", line 73, in _make_backend
    raise InvalidChannelLayerError(
    ...<2 lines>...
    )
channels.exceptions.InvalidChannelLayerError: Cannot import BACKEND 'channels_redis.core.RedisChannelLayer' specified for default
[2026-07-14 20:28:19,543] ERROR daphne.server Exception inside application: Cannot import BACKEND 'channels_redis.core.RedisChannelLayer' specified for default
Traceback (most recent call last):
  File "C:\Users\ADMIN\Documents\GitHub\Automated-trading-site\.venv\Lib\site-packages\channels\layers.py", line 71, in _make_backend
    backend_class = import_string(backend_module)
  File "C:\Users\ADMIN\Documents\GitHub\Automated-trading-site\.venv\Lib\site-packages\django\utils\module_loading.py", line 30, in import_string
    return cached_import(module_path, class_name)
  File "C:\Users\ADMIN\Documents\GitHub\Automated-trading-site\.venv\Lib\site-packages\django\utils\module_loading.py", line 15, in cached_import
    module = import_module(module_path)
  File "C:\Python314\Lib\importlib\__init__.py", line 88, in import_module
    return _bootstrap._gcd_import(name[level:], package, level)
           ~~~~~~~~~~~~~~~~~~~~~~^^^^^^^^^^^^^^^^^^^^^^^^^^^^^^
  File "<frozen importlib._bootstrap>", line 1406, in _gcd_import
  File "<frozen importlib._bootstrap>", line 1371, in _find_and_load
  File "<frozen importlib._bootstrap>", line 1314, in _find_and_load_unlocked
  File "<frozen importlib._bootstrap>", line 491, in _call_with_frames_removed
  File "<frozen importlib._bootstrap>", line 1406, in _gcd_import
  File "<frozen importlib._bootstrap>", line 1371, in _find_and_load
  File "<frozen importlib._bootstrap>", line 1335, in _find_and_load_unlocked
ModuleNotFoundError: No module named 'channels_redis'

During handling of the above exception, another exception occurred:

Traceback (most recent call last):
  File "C:\Users\ADMIN\Documents\GitHub\Automated-trading-site\.venv\Lib\site-packages\django\contrib\staticfiles\handlers.py", line 101, in __call__
    return await self.application(scope, receive, send)
           ^^^^^^^^^^^^^^^^^^^^^^^^^^^^^^^^^^^^^^^^^^^^
  File "C:\Users\ADMIN\Documents\GitHub\Automated-trading-site\.venv\Lib\site-packages\channels\routing.py", line 48, in __call__
    return await application(scope, receive, send)
           ^^^^^^^^^^^^^^^^^^^^^^^^^^^^^^^^^^^^^^^
  File "C:\Users\ADMIN\Documents\GitHub\Automated-trading-site\.venv\Lib\site-packages\channels\sessions.py", line 44, in __call__
    return await self.inner(dict(scope, cookies=cookies), receive, send)
           ^^^^^^^^^^^^^^^^^^^^^^^^^^^^^^^^^^^^^^^^^^^^^^^^^^^^^^^^^^^^^
  File "C:\Users\ADMIN\Documents\GitHub\Automated-trading-site\.venv\Lib\site-packages\channels\sessions.py", line 261, in __call__
    return await self.inner(wrapper.scope, receive, wrapper.send)
           ^^^^^^^^^^^^^^^^^^^^^^^^^^^^^^^^^^^^^^^^^^^^^^^^^^^^^^
  File "C:\Users\ADMIN\Documents\GitHub\Automated-trading-site\.venv\Lib\site-packages\channels\auth.py", line 185, in __call__
    return await super().__call__(scope, receive, send)
           ^^^^^^^^^^^^^^^^^^^^^^^^^^^^^^^^^^^^^^^^^^^^
  File "C:\Users\ADMIN\Documents\GitHub\Automated-trading-site\.venv\Lib\site-packages\channels\middleware.py", line 24, in __call__
    return await self.inner(scope, receive, send)
           ^^^^^^^^^^^^^^^^^^^^^^^^^^^^^^^^^^^^^^
  File "C:\Users\ADMIN\Documents\GitHub\Automated-trading-site\.venv\Lib\site-packages\channels\routing.py", line 118, in __call__
    return await application(
           ^^^^^^^^^^^^^^^^^^
    ...<10 lines>...
    )
    ^
  File "C:\Users\ADMIN\Documents\GitHub\Automated-trading-site\.venv\Lib\site-packages\channels\consumer.py", line 95, in app
    return await consumer(scope, receive, send)
           ^^^^^^^^^^^^^^^^^^^^^^^^^^^^^^^^^^^^
  File "C:\Users\ADMIN\Documents\GitHub\Automated-trading-site\.venv\Lib\site-packages\channels\consumer.py", line 44, in __call__
    self.channel_layer = get_channel_layer(self.channel_layer_alias)
                         ~~~~~~~~~~~~~~~~~^^^^^^^^^^^^^^^^^^^^^^^^^^
  File "C:\Users\ADMIN\Documents\GitHub\Automated-trading-site\.venv\Lib\site-packages\channels\layers.py", line 411, in get_channel_layer
    return channel_layers[alias]
           ~~~~~~~~~~~~~~^^^^^^^
  File "C:\Users\ADMIN\Documents\GitHub\Automated-trading-site\.venv\Lib\site-packages\channels\layers.py", line 83, in __getitem__
    self.backends[key] = self.make_backend(key)
                         ~~~~~~~~~~~~~~~~~^^^^^
  File "C:\Users\ADMIN\Documents\GitHub\Automated-trading-site\.venv\Lib\site-packages\channels\layers.py", line 45, in make_backend
    return self._make_backend(name, config)
           ~~~~~~~~~~~~~~~~~~^^^^^^^^^^^^^^
  File "C:\Users\ADMIN\Documents\GitHub\Automated-trading-site\.venv\Lib\site-packages\channels\layers.py", line 73, in _make_backend
    raise InvalidChannelLayerError(
    ...<2 lines>...
    )
channels.exceptions.InvalidChannelLayerError: Cannot import BACKEND 'channels_redis.core.RedisChannelLayer' specified for default
[2026-07-14 20:28:20,552] ERROR daphne.server Exception inside application: Cannot import BACKEND 'channels_redis.core.RedisChannelLayer' specified for default
Traceback (most recent call last):
  File "C:\Users\ADMIN\Documents\GitHub\Automated-trading-site\.venv\Lib\site-packages\channels\layers.py", line 71, in _make_backend
    backend_class = import_string(backend_module)
  File "C:\Users\ADMIN\Documents\GitHub\Automated-trading-site\.venv\Lib\site-packages\django\utils\module_loading.py", line 30, in import_string
    return cached_import(module_path, class_name)
  File "C:\Users\ADMIN\Documents\GitHub\Automated-trading-site\.venv\Lib\site-packages\django\utils\module_loading.py", line 15, in cached_import
    module = import_module(module_path)
  File "C:\Python314\Lib\importlib\__init__.py", line 88, in import_module
    return _bootstrap._gcd_import(name[level:], package, level)
           ~~~~~~~~~~~~~~~~~~~~~~^^^^^^^^^^^^^^^^^^^^^^^^^^^^^^
  File "<frozen importlib._bootstrap>", line 1406, in _gcd_import
  File "<frozen importlib._bootstrap>", line 1371, in _find_and_load
  File "<frozen importlib._bootstrap>", line 1314, in _find_and_load_unlocked
  File "<frozen importlib._bootstrap>", line 491, in _call_with_frames_removed
  File "<frozen importlib._bootstrap>", line 1406, in _gcd_import
  File "<frozen importlib._bootstrap>", line 1371, in _find_and_load
  File "<frozen importlib._bootstrap>", line 1335, in _find_and_load_unlocked
ModuleNotFoundError: No module named 'channels_redis'

During handling of the above exception, another exception occurred:

Traceback (most recent call last):
  File "C:\Users\ADMIN\Documents\GitHub\Automated-trading-site\.venv\Lib\site-packages\django\contrib\staticfiles\handlers.py", line 101, in __call__
    return await self.application(scope, receive, send)
           ^^^^^^^^^^^^^^^^^^^^^^^^^^^^^^^^^^^^^^^^^^^^
  File "C:\Users\ADMIN\Documents\GitHub\Automated-trading-site\.venv\Lib\site-packages\channels\routing.py", line 48, in __call__
    return await application(scope, receive, send)
           ^^^^^^^^^^^^^^^^^^^^^^^^^^^^^^^^^^^^^^^
  File "C:\Users\ADMIN\Documents\GitHub\Automated-trading-site\.venv\Lib\site-packages\channels\sessions.py", line 44, in __call__
    return await self.inner(dict(scope, cookies=cookies), receive, send)
           ^^^^^^^^^^^^^^^^^^^^^^^^^^^^^^^^^^^^^^^^^^^^^^^^^^^^^^^^^^^^^
  File "C:\Users\ADMIN\Documents\GitHub\Automated-trading-site\.venv\Lib\site-packages\channels\sessions.py", line 261, in __call__
    return await self.inner(wrapper.scope, receive, wrapper.send)
           ^^^^^^^^^^^^^^^^^^^^^^^^^^^^^^^^^^^^^^^^^^^^^^^^^^^^^^
  File "C:\Users\ADMIN\Documents\GitHub\Automated-trading-site\.venv\Lib\site-packages\channels\auth.py", line 185, in __call__
    return await super().__call__(scope, receive, send)
           ^^^^^^^^^^^^^^^^^^^^^^^^^^^^^^^^^^^^^^^^^^^^
  File "C:\Users\ADMIN\Documents\GitHub\Automated-trading-site\.venv\Lib\site-packages\channels\middleware.py", line 24, in __call__
    return await self.inner(scope, receive, send)
           ^^^^^^^^^^^^^^^^^^^^^^^^^^^^^^^^^^^^^^
  File "C:\Users\ADMIN\Documents\GitHub\Automated-trading-site\.venv\Lib\site-packages\channels\routing.py", line 118, in __call__
    return await application(
           ^^^^^^^^^^^^^^^^^^
    ...<10 lines>...
    )
    ^
  File "C:\Users\ADMIN\Documents\GitHub\Automated-trading-site\.venv\Lib\site-packages\channels\consumer.py", line 95, in app
    return await consumer(scope, receive, send)
           ^^^^^^^^^^^^^^^^^^^^^^^^^^^^^^^^^^^^
  File "C:\Users\ADMIN\Documents\GitHub\Automated-trading-site\.venv\Lib\site-packages\channels\consumer.py", line 44, in __call__
    self.channel_layer = get_channel_layer(self.channel_layer_alias)
                         ~~~~~~~~~~~~~~~~~^^^^^^^^^^^^^^^^^^^^^^^^^^
  File "C:\Users\ADMIN\Documents\GitHub\Automated-trading-site\.venv\Lib\site-packages\channels\layers.py", line 411, in get_channel_layer
    return channel_layers[alias]
           ~~~~~~~~~~~~~~^^^^^^^
  File "C:\Users\ADMIN\Documents\GitHub\Automated-trading-site\.venv\Lib\site-packages\channels\layers.py", line 83, in __getitem__
    self.backends[key] = self.make_backend(key)
                         ~~~~~~~~~~~~~~~~~^^^^^
  File "C:\Users\ADMIN\Documents\GitHub\Automated-trading-site\.venv\Lib\site-packages\channels\layers.py", line 45, in make_backend
    return self._make_backend(name, config)
           ~~~~~~~~~~~~~~~~~~^^^^^^^^^^^^^^
  File "C:\Users\ADMIN\Documents\GitHub\Automated-trading-site\.venv\Lib\site-packages\channels\layers.py", line 73, in _make_backend
    raise InvalidChannelLayerError(
    ...<2 lines>...
    )
channels.exceptions.InvalidChannelLayerError: Cannot import BACKEND 'channels_redis.core.RedisChannelLayer' specified for default
[2026-07-14 20:28:21,573] ERROR daphne.server Exception inside application: Cannot import BACKEND 'channels_redis.core.RedisChannelLayer' specified for default
Traceback (most recent call last):
  File "C:\Users\ADMIN\Documents\GitHub\Automated-trading-site\.venv\Lib\site-packages\channels\layers.py", line 71, in _make_backend
    backend_class = import_string(backend_module)
  File "C:\Users\ADMIN\Documents\GitHub\Automated-trading-site\.venv\Lib\site-packages\django\utils\module_loading.py", line 30, in import_string
    return cached_import(module_path, class_name)
  File "C:\Users\ADMIN\Documents\GitHub\Automated-trading-site\.venv\Lib\site-packages\django\utils\module_loading.py", line 15, in cached_import
    module = import_module(module_path)
  File "C:\Python314\Lib\importlib\__init__.py", line 88, in import_module
    return _bootstrap._gcd_import(name[level:], package, level)
           ~~~~~~~~~~~~~~~~~~~~~~^^^^^^^^^^^^^^^^^^^^^^^^^^^^^^
  File "<frozen importlib._bootstrap>", line 1406, in _gcd_import
  File "<frozen importlib._bootstrap>", line 1371, in _find_and_load
  File "<frozen importlib._bootstrap>", line 1314, in _find_and_load_unlocked
  File "<frozen importlib._bootstrap>", line 491, in _call_with_frames_removed
  File "<frozen importlib._bootstrap>", line 1406, in _gcd_import
  File "<frozen importlib._bootstrap>", line 1371, in _find_and_load
  File "<frozen importlib._bootstrap>", line 1335, in _find_and_load_unlocked
ModuleNotFoundError: No module named 'channels_redis'

During handling of the above exception, another exception occurred:

Traceback (most recent call last):
  File "C:\Users\ADMIN\Documents\GitHub\Automated-trading-site\.venv\Lib\site-packages\django\contrib\staticfiles\handlers.py", line 101, in __call__
    return await self.application(scope, receive, send)
           ^^^^^^^^^^^^^^^^^^^^^^^^^^^^^^^^^^^^^^^^^^^^
  File "C:\Users\ADMIN\Documents\GitHub\Automated-trading-site\.venv\Lib\site-packages\channels\routing.py", line 48, in __call__
    return await application(scope, receive, send)
           ^^^^^^^^^^^^^^^^^^^^^^^^^^^^^^^^^^^^^^^
  File "C:\Users\ADMIN\Documents\GitHub\Automated-trading-site\.venv\Lib\site-packages\channels\sessions.py", line 44, in __call__
    return await self.inner(dict(scope, cookies=cookies), receive, send)
           ^^^^^^^^^^^^^^^^^^^^^^^^^^^^^^^^^^^^^^^^^^^^^^^^^^^^^^^^^^^^^
  File "C:\Users\ADMIN\Documents\GitHub\Automated-trading-site\.venv\Lib\site-packages\channels\sessions.py", line 261, in __call__
    return await self.inner(wrapper.scope, receive, wrapper.send)
           ^^^^^^^^^^^^^^^^^^^^^^^^^^^^^^^^^^^^^^^^^^^^^^^^^^^^^^
  File "C:\Users\ADMIN\Documents\GitHub\Automated-trading-site\.venv\Lib\site-packages\channels\auth.py", line 185, in __call__
    return await super().__call__(scope, receive, send)
           ^^^^^^^^^^^^^^^^^^^^^^^^^^^^^^^^^^^^^^^^^^^^
  File "C:\Users\ADMIN\Documents\GitHub\Automated-trading-site\.venv\Lib\site-packages\channels\middleware.py", line 24, in __call__
    return await self.inner(scope, receive, send)
           ^^^^^^^^^^^^^^^^^^^^^^^^^^^^^^^^^^^^^^
  File "C:\Users\ADMIN\Documents\GitHub\Automated-trading-site\.venv\Lib\site-packages\channels\routing.py", line 118, in __call__
    return await application(
           ^^^^^^^^^^^^^^^^^^
    ...<10 lines>...
    )
    ^
  File "C:\Users\ADMIN\Documents\GitHub\Automated-trading-site\.venv\Lib\site-packages\channels\consumer.py", line 95, in app
    return await consumer(scope, receive, send)
           ^^^^^^^^^^^^^^^^^^^^^^^^^^^^^^^^^^^^
  File "C:\Users\ADMIN\Documents\GitHub\Automated-trading-site\.venv\Lib\site-packages\channels\consumer.py", line 44, in __call__
    self.channel_layer = get_channel_layer(self.channel_layer_alias)
                         ~~~~~~~~~~~~~~~~~^^^^^^^^^^^^^^^^^^^^^^^^^^
  File "C:\Users\ADMIN\Documents\GitHub\Automated-trading-site\.venv\Lib\site-packages\channels\layers.py", line 411, in get_channel_layer
    return channel_layers[alias]
           ~~~~~~~~~~~~~~^^^^^^^
  File "C:\Users\ADMIN\Documents\GitHub\Automated-trading-site\.venv\Lib\site-packages\channels\layers.py", line 83, in __getitem__
    self.backends[key] = self.make_backend(key)
                         ~~~~~~~~~~~~~~~~~^^^^^
  File "C:\Users\ADMIN\Documents\GitHub\Automated-trading-site\.venv\Lib\site-packages\channels\layers.py", line 45, in make_backend
    return self._make_backend(name, config)
           ~~~~~~~~~~~~~~~~~~^^^^^^^^^^^^^^
  File "C:\Users\ADMIN\Documents\GitHub\Automated-trading-site\.venv\Lib\site-packages\channels\layers.py", line 73, in _make_backend
    raise InvalidChannelLayerError(
    ...<2 lines>...
    )
channels.exceptions.InvalidChannelLayerError: Cannot import BACKEND 'channels_redis.core.RedisChannelLayer' specified for default
[2026-07-14 20:28:22,591] ERROR daphne.server Exception inside application: Cannot import BACKEND 'channels_redis.core.RedisChannelLayer' specified for default
Traceback (most recent call last):
  File "C:\Users\ADMIN\Documents\GitHub\Automated-trading-site\.venv\Lib\site-packages\channels\layers.py", line 71, in _make_backend
    backend_class = import_string(backend_module)
  File "C:\Users\ADMIN\Documents\GitHub\Automated-trading-site\.venv\Lib\site-packages\django\utils\module_loading.py", line 30, in import_string
    return cached_import(module_path, class_name)
  File "C:\Users\ADMIN\Documents\GitHub\Automated-trading-site\.venv\Lib\site-packages\django\utils\module_loading.py", line 15, in cached_import
    module = import_module(module_path)
  File "C:\Python314\Lib\importlib\__init__.py", line 88, in import_module
    return _bootstrap._gcd_import(name[level:], package, level)
           ~~~~~~~~~~~~~~~~~~~~~~^^^^^^^^^^^^^^^^^^^^^^^^^^^^^^
  File "<frozen importlib._bootstrap>", line 1406, in _gcd_import
  File "<frozen importlib._bootstrap>", line 1371, in _find_and_load
  File "<frozen importlib._bootstrap>", line 1314, in _find_and_load_unlocked
  File "<frozen importlib._bootstrap>", line 491, in _call_with_frames_removed
  File "<frozen importlib._bootstrap>", line 1406, in _gcd_import
  File "<frozen importlib._bootstrap>", line 1371, in _find_and_load
  File "<frozen importlib._bootstrap>", line 1335, in _find_and_load_unlocked
ModuleNotFoundError: No module named 'channels_redis'

During handling of the above exception, another exception occurred:

Traceback (most recent call last):
  File "C:\Users\ADMIN\Documents\GitHub\Automated-trading-site\.venv\Lib\site-packages\django\contrib\staticfiles\handlers.py", line 101, in __call__
    return await self.application(scope, receive, send)
           ^^^^^^^^^^^^^^^^^^^^^^^^^^^^^^^^^^^^^^^^^^^^
  File "C:\Users\ADMIN\Documents\GitHub\Automated-trading-site\.venv\Lib\site-packages\channels\routing.py", line 48, in __call__
    return await application(scope, receive, send)
           ^^^^^^^^^^^^^^^^^^^^^^^^^^^^^^^^^^^^^^^
  File "C:\Users\ADMIN\Documents\GitHub\Automated-trading-site\.venv\Lib\site-packages\channels\sessions.py", line 44, in __call__
    return await self.inner(dict(scope, cookies=cookies), receive, send)
           ^^^^^^^^^^^^^^^^^^^^^^^^^^^^^^^^^^^^^^^^^^^^^^^^^^^^^^^^^^^^^
  File "C:\Users\ADMIN\Documents\GitHub\Automated-trading-site\.venv\Lib\site-packages\channels\sessions.py", line 261, in __call__
    return await self.inner(wrapper.scope, receive, wrapper.send)
           ^^^^^^^^^^^^^^^^^^^^^^^^^^^^^^^^^^^^^^^^^^^^^^^^^^^^^^
  File "C:\Users\ADMIN\Documents\GitHub\Automated-trading-site\.venv\Lib\site-packages\channels\auth.py", line 185, in __call__
    return await super().__call__(scope, receive, send)
           ^^^^^^^^^^^^^^^^^^^^^^^^^^^^^^^^^^^^^^^^^^^^
  File "C:\Users\ADMIN\Documents\GitHub\Automated-trading-site\.venv\Lib\site-packages\channels\middleware.py", line 24, in __call__
    return await self.inner(scope, receive, send)
           ^^^^^^^^^^^^^^^^^^^^^^^^^^^^^^^^^^^^^^
  File "C:\Users\ADMIN\Documents\GitHub\Automated-trading-site\.venv\Lib\site-packages\channels\routing.py", line 118, in __call__
    return await application(
           ^^^^^^^^^^^^^^^^^^
    ...<10 lines>...
    )
    ^
  File "C:\Users\ADMIN\Documents\GitHub\Automated-trading-site\.venv\Lib\site-packages\channels\consumer.py", line 95, in app
    return await consumer(scope, receive, send)
           ^^^^^^^^^^^^^^^^^^^^^^^^^^^^^^^^^^^^
  File "C:\Users\ADMIN\Documents\GitHub\Automated-trading-site\.venv\Lib\site-packages\channels\consumer.py", line 44, in __call__
    self.channel_layer = get_channel_layer(self.channel_layer_alias)
                         ~~~~~~~~~~~~~~~~~^^^^^^^^^^^^^^^^^^^^^^^^^^
  File "C:\Users\ADMIN\Documents\GitHub\Automated-trading-site\.venv\Lib\site-packages\channels\layers.py", line 411, in get_channel_layer
    return channel_layers[alias]
           ~~~~~~~~~~~~~~^^^^^^^
  File "C:\Users\ADMIN\Documents\GitHub\Automated-trading-site\.venv\Lib\site-packages\channels\layers.py", line 83, in __getitem__
    self.backends[key] = self.make_backend(key)
                         ~~~~~~~~~~~~~~~~~^^^^^
  File "C:\Users\ADMIN\Documents\GitHub\Automated-trading-site\.venv\Lib\site-packages\channels\layers.py", line 45, in make_backend
    return self._make_backend(name, config)
           ~~~~~~~~~~~~~~~~~~^^^^^^^^^^^^^^
  File "C:\Users\ADMIN\Documents\GitHub\Automated-trading-site\.venv\Lib\site-packages\channels\layers.py", line 73, in _make_backend
    raise InvalidChannelLayerError(
    ...<2 lines>...
    )
channels.exceptions.InvalidChannelLayerError: Cannot import BACKEND 'channels_redis.core.RedisChannelLayer' specified for default
[2026-07-14 20:28:23,609] ERROR daphne.server Exception inside application: Cannot import BACKEND 'channels_redis.core.RedisChannelLayer' specified for default
Traceback (most recent call last):
  File "C:\Users\ADMIN\Documents\GitHub\Automated-trading-site\.venv\Lib\site-packages\channels\layers.py", line 71, in _make_backend
    backend_class = import_string(backend_module)
  File "C:\Users\ADMIN\Documents\GitHub\Automated-trading-site\.venv\Lib\site-packages\django\utils\module_loading.py", line 30, in import_string
    return cached_import(module_path, class_name)
  File "C:\Users\ADMIN\Documents\GitHub\Automated-trading-site\.venv\Lib\site-packages\django\utils\module_loading.py", line 15, in cached_import
    module = import_module(module_path)
  File "C:\Python314\Lib\importlib\__init__.py", line 88, in import_module
    return _bootstrap._gcd_import(name[level:], package, level)
           ~~~~~~~~~~~~~~~~~~~~~~^^^^^^^^^^^^^^^^^^^^^^^^^^^^^^
  File "<frozen importlib._bootstrap>", line 1406, in _gcd_import
  File "<frozen importlib._bootstrap>", line 1371, in _find_and_load
  File "<frozen importlib._bootstrap>", line 1314, in _find_and_load_unlocked
  File "<frozen importlib._bootstrap>", line 491, in _call_with_frames_removed
  File "<frozen importlib._bootstrap>", line 1406, in _gcd_import
  File "<frozen importlib._bootstrap>", line 1371, in _find_and_load
  File "<frozen importlib._bootstrap>", line 1335, in _find_and_load_unlocked
ModuleNotFoundError: No module named 'channels_redis'

During handling of the above exception, another exception occurred:

Traceback (most recent call last):
  File "C:\Users\ADMIN\Documents\GitHub\Automated-trading-site\.venv\Lib\site-packages\django\contrib\staticfiles\handlers.py", line 101, in __call__
    return await self.application(scope, receive, send)
           ^^^^^^^^^^^^^^^^^^^^^^^^^^^^^^^^^^^^^^^^^^^^
  File "C:\Users\ADMIN\Documents\GitHub\Automated-trading-site\.venv\Lib\site-packages\channels\routing.py", line 48, in __call__
    return await application(scope, receive, send)
           ^^^^^^^^^^^^^^^^^^^^^^^^^^^^^^^^^^^^^^^
  File "C:\Users\ADMIN\Documents\GitHub\Automated-trading-site\.venv\Lib\site-packages\channels\sessions.py", line 44, in __call__
    return await self.inner(dict(scope, cookies=cookies), receive, send)
           ^^^^^^^^^^^^^^^^^^^^^^^^^^^^^^^^^^^^^^^^^^^^^^^^^^^^^^^^^^^^^
  File "C:\Users\ADMIN\Documents\GitHub\Automated-trading-site\.venv\Lib\site-packages\channels\sessions.py", line 261, in __call__
    return await self.inner(wrapper.scope, receive, wrapper.send)
           ^^^^^^^^^^^^^^^^^^^^^^^^^^^^^^^^^^^^^^^^^^^^^^^^^^^^^^
  File "C:\Users\ADMIN\Documents\GitHub\Automated-trading-site\.venv\Lib\site-packages\channels\auth.py", line 185, in __call__
    return await super().__call__(scope, receive, send)
           ^^^^^^^^^^^^^^^^^^^^^^^^^^^^^^^^^^^^^^^^^^^^
  File "C:\Users\ADMIN\Documents\GitHub\Automated-trading-site\.venv\Lib\site-packages\channels\middleware.py", line 24, in __call__
    return await self.inner(scope, receive, send)
           ^^^^^^^^^^^^^^^^^^^^^^^^^^^^^^^^^^^^^^
  File "C:\Users\ADMIN\Documents\GitHub\Automated-trading-site\.venv\Lib\site-packages\channels\routing.py", line 118, in __call__
    return await application(
           ^^^^^^^^^^^^^^^^^^
    ...<10 lines>...
    )
    ^
  File "C:\Users\ADMIN\Documents\GitHub\Automated-trading-site\.venv\Lib\site-packages\channels\consumer.py", line 95, in app
    return await consumer(scope, receive, send)
           ^^^^^^^^^^^^^^^^^^^^^^^^^^^^^^^^^^^^
  File "C:\Users\ADMIN\Documents\GitHub\Automated-trading-site\.venv\Lib\site-packages\channels\consumer.py", line 44, in __call__
    self.channel_layer = get_channel_layer(self.channel_layer_alias)
                         ~~~~~~~~~~~~~~~~~^^^^^^^^^^^^^^^^^^^^^^^^^^
  File "C:\Users\ADMIN\Documents\GitHub\Automated-trading-site\.venv\Lib\site-packages\channels\layers.py", line 411, in get_channel_layer
    return channel_layers[alias]
           ~~~~~~~~~~~~~~^^^^^^^
  File "C:\Users\ADMIN\Documents\GitHub\Automated-trading-site\.venv\Lib\site-packages\channels\layers.py", line 83, in __getitem__
    self.backends[key] = self.make_backend(key)
                         ~~~~~~~~~~~~~~~~~^^^^^
  File "C:\Users\ADMIN\Documents\GitHub\Automated-trading-site\.venv\Lib\site-packages\channels\layers.py", line 45, in make_backend
    return self._make_backend(name, config)
           ~~~~~~~~~~~~~~~~~~^^^^^^^^^^^^^^
  File "C:\Users\ADMIN\Documents\GitHub\Automated-trading-site\.venv\Lib\site-packages\channels\layers.py", line 73, in _make_backend
    raise InvalidChannelLayerError(
    ...<2 lines>...
    )
channels.exceptions.InvalidChannelLayerError: Cannot import BACKEND 'channels_redis.core.RedisChannelLayer' specified for default
[2026-07-14 20:28:24,628] ERROR daphne.server Exception inside application: Cannot import BACKEND 'channels_redis.core.RedisChannelLayer' specified for default
Traceback (most recent call last):
  File "C:\Users\ADMIN\Documents\GitHub\Automated-trading-site\.venv\Lib\site-packages\channels\layers.py", line 71, in _make_backend
    backend_class = import_string(backend_module)
  File "C:\Users\ADMIN\Documents\GitHub\Automated-trading-site\.venv\Lib\site-packages\django\utils\module_loading.py", line 30, in import_string
    return cached_import(module_path, class_name)
  File "C:\Users\ADMIN\Documents\GitHub\Automated-trading-site\.venv\Lib\site-packages\django\utils\module_loading.py", line 15, in cached_import
    module = import_module(module_path)
  File "C:\Python314\Lib\importlib\__init__.py", line 88, in import_module
    return _bootstrap._gcd_import(name[level:], package, level)
           ~~~~~~~~~~~~~~~~~~~~~~^^^^^^^^^^^^^^^^^^^^^^^^^^^^^^
  File "<frozen importlib._bootstrap>", line 1406, in _gcd_import
  File "<frozen importlib._bootstrap>", line 1371, in _find_and_load
  File "<frozen importlib._bootstrap>", line 1314, in _find_and_load_unlocked
  File "<frozen importlib._bootstrap>", line 491, in _call_with_frames_removed
  File "<frozen importlib._bootstrap>", line 1406, in _gcd_import
  File "<frozen importlib._bootstrap>", line 1371, in _find_and_load
  File "<frozen importlib._bootstrap>", line 1335, in _find_and_load_unlocked
ModuleNotFoundError: No module named 'channels_redis'

During handling of the above exception, another exception occurred:

Traceback (most recent call last):
  File "C:\Users\ADMIN\Documents\GitHub\Automated-trading-site\.venv\Lib\site-packages\django\contrib\staticfiles\handlers.py", line 101, in __call__
    return await self.application(scope, receive, send)
           ^^^^^^^^^^^^^^^^^^^^^^^^^^^^^^^^^^^^^^^^^^^^
  File "C:\Users\ADMIN\Documents\GitHub\Automated-trading-site\.venv\Lib\site-packages\channels\routing.py", line 48, in __call__
    return await application(scope, receive, send)
           ^^^^^^^^^^^^^^^^^^^^^^^^^^^^^^^^^^^^^^^
  File "C:\Users\ADMIN\Documents\GitHub\Automated-trading-site\.venv\Lib\site-packages\channels\sessions.py", line 44, in __call__
    return await self.inner(dict(scope, cookies=cookies), receive, send)
           ^^^^^^^^^^^^^^^^^^^^^^^^^^^^^^^^^^^^^^^^^^^^^^^^^^^^^^^^^^^^^
  File "C:\Users\ADMIN\Documents\GitHub\Automated-trading-site\.venv\Lib\site-packages\channels\sessions.py", line 261, in __call__
    return await self.inner(wrapper.scope, receive, wrapper.send)
           ^^^^^^^^^^^^^^^^^^^^^^^^^^^^^^^^^^^^^^^^^^^^^^^^^^^^^^
  File "C:\Users\ADMIN\Documents\GitHub\Automated-trading-site\.venv\Lib\site-packages\channels\auth.py", line 185, in __call__
    return await super().__call__(scope, receive, send)
           ^^^^^^^^^^^^^^^^^^^^^^^^^^^^^^^^^^^^^^^^^^^^
  File "C:\Users\ADMIN\Documents\GitHub\Automated-trading-site\.venv\Lib\site-packages\channels\middleware.py", line 24, in __call__
    return await self.inner(scope, receive, send)
           ^^^^^^^^^^^^^^^^^^^^^^^^^^^^^^^^^^^^^^
  File "C:\Users\ADMIN\Documents\GitHub\Automated-trading-site\.venv\Lib\site-packages\channels\routing.py", line 118, in __call__
    return await application(
           ^^^^^^^^^^^^^^^^^^
    ...<10 lines>...
    )
    ^
  File "C:\Users\ADMIN\Documents\GitHub\Automated-trading-site\.venv\Lib\site-packages\channels\consumer.py", line 95, in app
    return await consumer(scope, receive, send)
           ^^^^^^^^^^^^^^^^^^^^^^^^^^^^^^^^^^^^
  File "C:\Users\ADMIN\Documents\GitHub\Automated-trading-site\.venv\Lib\site-packages\channels\consumer.py", line 44, in __call__
    self.channel_layer = get_channel_layer(self.channel_layer_alias)
                         ~~~~~~~~~~~~~~~~~^^^^^^^^^^^^^^^^^^^^^^^^^^
  File "C:\Users\ADMIN\Documents\GitHub\Automated-trading-site\.venv\Lib\site-packages\channels\layers.py", line 411, in get_channel_layer
    return channel_layers[alias]
           ~~~~~~~~~~~~~~^^^^^^^
  File "C:\Users\ADMIN\Documents\GitHub\Automated-trading-site\.venv\Lib\site-packages\channels\layers.py", line 83, in __getitem__
    self.backends[key] = self.make_backend(key)
                         ~~~~~~~~~~~~~~~~~^^^^^
  File "C:\Users\ADMIN\Documents\GitHub\Automated-trading-site\.venv\Lib\site-packages\channels\layers.py", line 45, in make_backend
    return self._make_backend(name, config)
           ~~~~~~~~~~~~~~~~~~^^^^^^^^^^^^^^
  File "C:\Users\ADMIN\Documents\GitHub\Automated-trading-site\.venv\Lib\site-packages\channels\layers.py", line 73, in _make_backend
    raise InvalidChannelLayerError(
    ...<2 lines>...
    )
channels.exceptions.InvalidChannelLayerError: Cannot import BACKEND 'channels_redis.core.RedisChannelLayer' specified for default
[2026-07-14 20:28:25,639] ERROR daphne.server Exception inside application: Cannot import BACKEND 'channels_redis.core.RedisChannelLayer' specified for default
Traceback (most recent call last):
  File "C:\Users\ADMIN\Documents\GitHub\Automated-trading-site\.venv\Lib\site-packages\channels\layers.py", line 71, in _make_backend
    backend_class = import_string(backend_module)
  File "C:\Users\ADMIN\Documents\GitHub\Automated-trading-site\.venv\Lib\site-packages\django\utils\module_loading.py", line 30, in import_string
    return cached_import(module_path, class_name)
  File "C:\Users\ADMIN\Documents\GitHub\Automated-trading-site\.venv\Lib\site-packages\django\utils\module_loading.py", line 15, in cached_import
    module = import_module(module_path)
  File "C:\Python314\Lib\importlib\__init__.py", line 88, in import_module
    return _bootstrap._gcd_import(name[level:], package, level)
           ~~~~~~~~~~~~~~~~~~~~~~^^^^^^^^^^^^^^^^^^^^^^^^^^^^^^
  File "<frozen importlib._bootstrap>", line 1406, in _gcd_import
  File "<frozen importlib._bootstrap>", line 1371, in _find_and_load
  File "<frozen importlib._bootstrap>", line 1314, in _find_and_load_unlocked
  File "<frozen importlib._bootstrap>", line 491, in _call_with_frames_removed
  File "<frozen importlib._bootstrap>", line 1406, in _gcd_import
  File "<frozen importlib._bootstrap>", line 1371, in _find_and_load
  File "<frozen importlib._bootstrap>", line 1335, in _find_and_load_unlocked
ModuleNotFoundError: No module named 'channels_redis'

During handling of the above exception, another exception occurred:

Traceback (most recent call last):
  File "C:\Users\ADMIN\Documents\GitHub\Automated-trading-site\.venv\Lib\site-packages\django\contrib\staticfiles\handlers.py", line 101, in __call__
    return await self.application(scope, receive, send)
           ^^^^^^^^^^^^^^^^^^^^^^^^^^^^^^^^^^^^^^^^^^^^
  File "C:\Users\ADMIN\Documents\GitHub\Automated-trading-site\.venv\Lib\site-packages\channels\routing.py", line 48, in __call__
    return await application(scope, receive, send)
           ^^^^^^^^^^^^^^^^^^^^^^^^^^^^^^^^^^^^^^^
  File "C:\Users\ADMIN\Documents\GitHub\Automated-trading-site\.venv\Lib\site-packages\channels\sessions.py", line 44, in __call__
    return await self.inner(dict(scope, cookies=cookies), receive, send)
           ^^^^^^^^^^^^^^^^^^^^^^^^^^^^^^^^^^^^^^^^^^^^^^^^^^^^^^^^^^^^^
  File "C:\Users\ADMIN\Documents\GitHub\Automated-trading-site\.venv\Lib\site-packages\channels\sessions.py", line 261, in __call__
    return await self.inner(wrapper.scope, receive, wrapper.send)
           ^^^^^^^^^^^^^^^^^^^^^^^^^^^^^^^^^^^^^^^^^^^^^^^^^^^^^^
  File "C:\Users\ADMIN\Documents\GitHub\Automated-trading-site\.venv\Lib\site-packages\channels\auth.py", line 185, in __call__
    return await super().__call__(scope, receive, send)
           ^^^^^^^^^^^^^^^^^^^^^^^^^^^^^^^^^^^^^^^^^^^^
  File "C:\Users\ADMIN\Documents\GitHub\Automated-trading-site\.venv\Lib\site-packages\channels\middleware.py", line 24, in __call__
    return await self.inner(scope, receive, send)
           ^^^^^^^^^^^^^^^^^^^^^^^^^^^^^^^^^^^^^^
  File "C:\Users\ADMIN\Documents\GitHub\Automated-trading-site\.venv\Lib\site-packages\channels\routing.py", line 118, in __call__
    return await application(
           ^^^^^^^^^^^^^^^^^^
    ...<10 lines>...
    )
    ^
  File "C:\Users\ADMIN\Documents\GitHub\Automated-trading-site\.venv\Lib\site-packages\channels\consumer.py", line 95, in app
    return await consumer(scope, receive, send)
           ^^^^^^^^^^^^^^^^^^^^^^^^^^^^^^^^^^^^
  File "C:\Users\ADMIN\Documents\GitHub\Automated-trading-site\.venv\Lib\site-packages\channels\consumer.py", line 44, in __call__
    self.channel_layer = get_channel_layer(self.channel_layer_alias)
                         ~~~~~~~~~~~~~~~~~^^^^^^^^^^^^^^^^^^^^^^^^^^
  File "C:\Users\ADMIN\Documents\GitHub\Automated-trading-site\.venv\Lib\site-packages\channels\layers.py", line 411, in get_channel_layer
    return channel_layers[alias]
           ~~~~~~~~~~~~~~^^^^^^^
  File "C:\Users\ADMIN\Documents\GitHub\Automated-trading-site\.venv\Lib\site-packages\channels\layers.py", line 83, in __getitem__
    self.backends[key] = self.make_backend(key)
                         ~~~~~~~~~~~~~~~~~^^^^^
  File "C:\Users\ADMIN\Documents\GitHub\Automated-trading-site\.venv\Lib\site-packages\channels\layers.py", line 45, in make_backend
    return self._make_backend(name, config)
           ~~~~~~~~~~~~~~~~~~^^^^^^^^^^^^^^
  File "C:\Users\ADMIN\Documents\GitHub\Automated-trading-site\.venv\Lib\site-packages\channels\layers.py", line 73, in _make_backend
    raise InvalidChannelLayerError(
    ...<2 lines>...
    )
channels.exceptions.InvalidChannelLayerError: Cannot import BACKEND 'channels_redis.core.RedisChannelLayer' specified for default
[2026-07-14 20:28:26,647] ERROR daphne.server Exception inside application: Cannot import BACKEND 'channels_redis.core.RedisChannelLayer' specified for default
Traceback (most recent call last):
  File "C:\Users\ADMIN\Documents\GitHub\Automated-trading-site\.venv\Lib\site-packages\channels\layers.py", line 71, in _make_backend
    backend_class = import_string(backend_module)
  File "C:\Users\ADMIN\Documents\GitHub\Automated-trading-site\.venv\Lib\site-packages\django\utils\module_loading.py", line 30, in import_string
    return cached_import(module_path, class_name)
  File "C:\Users\ADMIN\Documents\GitHub\Automated-trading-site\.venv\Lib\site-packages\django\utils\module_loading.py", line 15, in cached_import
    module = import_module(module_path)
  File "C:\Python314\Lib\importlib\__init__.py", line 88, in import_module
    return _bootstrap._gcd_import(name[level:], package, level)
           ~~~~~~~~~~~~~~~~~~~~~~^^^^^^^^^^^^^^^^^^^^^^^^^^^^^^
  File "<frozen importlib._bootstrap>", line 1406, in _gcd_import
  File "<frozen importlib._bootstrap>", line 1371, in _find_and_load
  File "<frozen importlib._bootstrap>", line 1314, in _find_and_load_unlocked
  File "<frozen importlib._bootstrap>", line 491, in _call_with_frames_removed
  File "<frozen importlib._bootstrap>", line 1406, in _gcd_import
  File "<frozen importlib._bootstrap>", line 1371, in _find_and_load
  File "<frozen importlib._bootstrap>", line 1335, in _find_and_load_unlocked
ModuleNotFoundError: No module named 'channels_redis'

During handling of the above exception, another exception occurred:

Traceback (most recent call last):
  File "C:\Users\ADMIN\Documents\GitHub\Automated-trading-site\.venv\Lib\site-packages\django\contrib\staticfiles\handlers.py", line 101, in __call__
    return await self.application(scope, receive, send)
           ^^^^^^^^^^^^^^^^^^^^^^^^^^^^^^^^^^^^^^^^^^^^
  File "C:\Users\ADMIN\Documents\GitHub\Automated-trading-site\.venv\Lib\site-packages\channels\routing.py", line 48, in __call__
    return await application(scope, receive, send)
           ^^^^^^^^^^^^^^^^^^^^^^^^^^^^^^^^^^^^^^^
  File "C:\Users\ADMIN\Documents\GitHub\Automated-trading-site\.venv\Lib\site-packages\channels\sessions.py", line 44, in __call__
    return await self.inner(dict(scope, cookies=cookies), receive, send)
           ^^^^^^^^^^^^^^^^^^^^^^^^^^^^^^^^^^^^^^^^^^^^^^^^^^^^^^^^^^^^^
  File "C:\Users\ADMIN\Documents\GitHub\Automated-trading-site\.venv\Lib\site-packages\channels\sessions.py", line 261, in __call__
    return await self.inner(wrapper.scope, receive, wrapper.send)
           ^^^^^^^^^^^^^^^^^^^^^^^^^^^^^^^^^^^^^^^^^^^^^^^^^^^^^^
  File "C:\Users\ADMIN\Documents\GitHub\Automated-trading-site\.venv\Lib\site-packages\channels\auth.py", line 185, in __call__
    return await super().__call__(scope, receive, send)
           ^^^^^^^^^^^^^^^^^^^^^^^^^^^^^^^^^^^^^^^^^^^^
  File "C:\Users\ADMIN\Documents\GitHub\Automated-trading-site\.venv\Lib\site-packages\channels\middleware.py", line 24, in __call__
    return await self.inner(scope, receive, send)
           ^^^^^^^^^^^^^^^^^^^^^^^^^^^^^^^^^^^^^^
  File "C:\Users\ADMIN\Documents\GitHub\Automated-trading-site\.venv\Lib\site-packages\channels\routing.py", line 118, in __call__
    return await application(
           ^^^^^^^^^^^^^^^^^^
    ...<10 lines>...
    )
    ^
  File "C:\Users\ADMIN\Documents\GitHub\Automated-trading-site\.venv\Lib\site-packages\channels\consumer.py", line 95, in app
    return await consumer(scope, receive, send)
           ^^^^^^^^^^^^^^^^^^^^^^^^^^^^^^^^^^^^
  File "C:\Users\ADMIN\Documents\GitHub\Automated-trading-site\.venv\Lib\site-packages\channels\consumer.py", line 44, in __call__
    self.channel_layer = get_channel_layer(self.channel_layer_alias)
                         ~~~~~~~~~~~~~~~~~^^^^^^^^^^^^^^^^^^^^^^^^^^
  File "C:\Users\ADMIN\Documents\GitHub\Automated-trading-site\.venv\Lib\site-packages\channels\layers.py", line 411, in get_channel_layer
    return channel_layers[alias]
           ~~~~~~~~~~~~~~^^^^^^^
  File "C:\Users\ADMIN\Documents\GitHub\Automated-trading-site\.venv\Lib\site-packages\channels\layers.py", line 83, in __getitem__
    self.backends[key] = self.make_backend(key)
                         ~~~~~~~~~~~~~~~~~^^^^^
  File "C:\Users\ADMIN\Documents\GitHub\Automated-trading-site\.venv\Lib\site-packages\channels\layers.py", line 45, in make_backend
    return self._make_backend(name, config)
           ~~~~~~~~~~~~~~~~~~^^^^^^^^^^^^^^
  File "C:\Users\ADMIN\Documents\GitHub\Automated-trading-site\.venv\Lib\site-packages\channels\layers.py", line 73, in _make_backend
    raise InvalidChannelLayerError(
    ...<2 lines>...
    )
channels.exceptions.InvalidChannelLayerError: Cannot import BACKEND 'channels_redis.core.RedisChannelLayer' specified for default
[2026-07-14 20:28:27,655] ERROR daphne.server Exception inside application: Cannot import BACKEND 'channels_redis.core.RedisChannelLayer' specified for default
Traceback (most recent call last):
  File "C:\Users\ADMIN\Documents\GitHub\Automated-trading-site\.venv\Lib\site-packages\channels\layers.py", line 71, in _make_backend
    backend_class = import_string(backend_module)
  File "C:\Users\ADMIN\Documents\GitHub\Automated-trading-site\.venv\Lib\site-packages\django\utils\module_loading.py", line 30, in import_string
    return cached_import(module_path, class_name)
  File "C:\Users\ADMIN\Documents\GitHub\Automated-trading-site\.venv\Lib\site-packages\django\utils\module_loading.py", line 15, in cached_import
    module = import_module(module_path)
  File "C:\Python314\Lib\importlib\__init__.py", line 88, in import_module
    return _bootstrap._gcd_import(name[level:], package, level)
           ~~~~~~~~~~~~~~~~~~~~~~^^^^^^^^^^^^^^^^^^^^^^^^^^^^^^
  File "<frozen importlib._bootstrap>", line 1406, in _gcd_import
  File "<frozen importlib._bootstrap>", line 1371, in _find_and_load
  File "<frozen importlib._bootstrap>", line 1314, in _find_and_load_unlocked
  File "<frozen importlib._bootstrap>", line 491, in _call_with_frames_removed
  File "<frozen importlib._bootstrap>", line 1406, in _gcd_import
  File "<frozen importlib._bootstrap>", line 1371, in _find_and_load
  File "<frozen importlib._bootstrap>", line 1335, in _find_and_load_unlocked
ModuleNotFoundError: No module named 'channels_redis'

During handling of the above exception, another exception occurred:

Traceback (most recent call last):
  File "C:\Users\ADMIN\Documents\GitHub\Automated-trading-site\.venv\Lib\site-packages\django\contrib\staticfiles\handlers.py", line 101, in __call__
    return await self.application(scope, receive, send)
           ^^^^^^^^^^^^^^^^^^^^^^^^^^^^^^^^^^^^^^^^^^^^
  File "C:\Users\ADMIN\Documents\GitHub\Automated-trading-site\.venv\Lib\site-packages\channels\routing.py", line 48, in __call__
    return await application(scope, receive, send)
           ^^^^^^^^^^^^^^^^^^^^^^^^^^^^^^^^^^^^^^^
  File "C:\Users\ADMIN\Documents\GitHub\Automated-trading-site\.venv\Lib\site-packages\channels\sessions.py", line 44, in __call__
    return await self.inner(dict(scope, cookies=cookies), receive, send)
           ^^^^^^^^^^^^^^^^^^^^^^^^^^^^^^^^^^^^^^^^^^^^^^^^^^^^^^^^^^^^^
  File "C:\Users\ADMIN\Documents\GitHub\Automated-trading-site\.venv\Lib\site-packages\channels\sessions.py", line 261, in __call__
    return await self.inner(wrapper.scope, receive, wrapper.send)
           ^^^^^^^^^^^^^^^^^^^^^^^^^^^^^^^^^^^^^^^^^^^^^^^^^^^^^^
  File "C:\Users\ADMIN\Documents\GitHub\Automated-trading-site\.venv\Lib\site-packages\channels\auth.py", line 185, in __call__
    return await super().__call__(scope, receive, send)
           ^^^^^^^^^^^^^^^^^^^^^^^^^^^^^^^^^^^^^^^^^^^^
  File "C:\Users\ADMIN\Documents\GitHub\Automated-trading-site\.venv\Lib\site-packages\channels\middleware.py", line 24, in __call__
    return await self.inner(scope, receive, send)
           ^^^^^^^^^^^^^^^^^^^^^^^^^^^^^^^^^^^^^^
  File "C:\Users\ADMIN\Documents\GitHub\Automated-trading-site\.venv\Lib\site-packages\channels\routing.py", line 118, in __call__
    return await application(
           ^^^^^^^^^^^^^^^^^^
    ...<10 lines>...
    )
    ^
  File "C:\Users\ADMIN\Documents\GitHub\Automated-trading-site\.venv\Lib\site-packages\channels\consumer.py", line 95, in app
    return await consumer(scope, receive, send)
           ^^^^^^^^^^^^^^^^^^^^^^^^^^^^^^^^^^^^
  File "C:\Users\ADMIN\Documents\GitHub\Automated-trading-site\.venv\Lib\site-packages\channels\consumer.py", line 44, in __call__
    self.channel_layer = get_channel_layer(self.channel_layer_alias)
                         ~~~~~~~~~~~~~~~~~^^^^^^^^^^^^^^^^^^^^^^^^^^
  File "C:\Users\ADMIN\Documents\GitHub\Automated-trading-site\.venv\Lib\site-packages\channels\layers.py", line 411, in get_channel_layer
    return channel_layers[alias]
           ~~~~~~~~~~~~~~^^^^^^^
  File "C:\Users\ADMIN\Documents\GitHub\Automated-trading-site\.venv\Lib\site-packages\channels\layers.py", line 83, in __getitem__
    self.backends[key] = self.make_backend(key)
                         ~~~~~~~~~~~~~~~~~^^^^^
  File "C:\Users\ADMIN\Documents\GitHub\Automated-trading-site\.venv\Lib\site-packages\channels\layers.py", line 45, in make_backend
    return self._make_backend(name, config)
           ~~~~~~~~~~~~~~~~~~^^^^^^^^^^^^^^
  File "C:\Users\ADMIN\Documents\GitHub\Automated-trading-site\.venv\Lib\site-packages\channels\layers.py", line 73, in _make_backend
    raise InvalidChannelLayerError(
    ...<2 lines>...
    )
channels.exceptions.InvalidChannelLayerError: Cannot import BACKEND 'channels_redis.core.RedisChannelLayer' specified for default
[2026-07-14 20:28:28,672] ERROR daphne.server Exception inside application: Cannot import BACKEND 'channels_redis.core.RedisChannelLayer' specified for default
Traceback (most recent call last):
  File "C:\Users\ADMIN\Documents\GitHub\Automated-trading-site\.venv\Lib\site-packages\channels\layers.py", line 71, in _make_backend
    backend_class = import_string(backend_module)
  File "C:\Users\ADMIN\Documents\GitHub\Automated-trading-site\.venv\Lib\site-packages\django\utils\module_loading.py", line 30, in import_string
    return cached_import(module_path, class_name)
  File "C:\Users\ADMIN\Documents\GitHub\Automated-trading-site\.venv\Lib\site-packages\django\utils\module_loading.py", line 15, in cached_import
    module = import_module(module_path)
  File "C:\Python314\Lib\importlib\__init__.py", line 88, in import_module
    return _bootstrap._gcd_import(name[level:], package, level)
           ~~~~~~~~~~~~~~~~~~~~~~^^^^^^^^^^^^^^^^^^^^^^^^^^^^^^
  File "<frozen importlib._bootstrap>", line 1406, in _gcd_import
  File "<frozen importlib._bootstrap>", line 1371, in _find_and_load
  File "<frozen importlib._bootstrap>", line 1314, in _find_and_load_unlocked
  File "<frozen importlib._bootstrap>", line 491, in _call_with_frames_removed
  File "<frozen importlib._bootstrap>", line 1406, in _gcd_import
  File "<frozen importlib._bootstrap>", line 1371, in _find_and_load
  File "<frozen importlib._bootstrap>", line 1335, in _find_and_load_unlocked
ModuleNotFoundError: No module named 'channels_redis'

During handling of the above exception, another exception occurred:

Traceback (most recent call last):
  File "C:\Users\ADMIN\Documents\GitHub\Automated-trading-site\.venv\Lib\site-packages\django\contrib\staticfiles\handlers.py", line 101, in __call__
    return await self.application(scope, receive, send)
           ^^^^^^^^^^^^^^^^^^^^^^^^^^^^^^^^^^^^^^^^^^^^
  File "C:\Users\ADMIN\Documents\GitHub\Automated-trading-site\.venv\Lib\site-packages\channels\routing.py", line 48, in __call__
    return await application(scope, receive, send)
           ^^^^^^^^^^^^^^^^^^^^^^^^^^^^^^^^^^^^^^^
  File "C:\Users\ADMIN\Documents\GitHub\Automated-trading-site\.venv\Lib\site-packages\channels\sessions.py", line 44, in __call__
    return await self.inner(dict(scope, cookies=cookies), receive, send)
           ^^^^^^^^^^^^^^^^^^^^^^^^^^^^^^^^^^^^^^^^^^^^^^^^^^^^^^^^^^^^^
  File "C:\Users\ADMIN\Documents\GitHub\Automated-trading-site\.venv\Lib\site-packages\channels\sessions.py", line 261, in __call__
    return await self.inner(wrapper.scope, receive, wrapper.send)
           ^^^^^^^^^^^^^^^^^^^^^^^^^^^^^^^^^^^^^^^^^^^^^^^^^^^^^^
  File "C:\Users\ADMIN\Documents\GitHub\Automated-trading-site\.venv\Lib\site-packages\channels\auth.py", line 185, in __call__
    return await super().__call__(scope, receive, send)
           ^^^^^^^^^^^^^^^^^^^^^^^^^^^^^^^^^^^^^^^^^^^^
  File "C:\Users\ADMIN\Documents\GitHub\Automated-trading-site\.venv\Lib\site-packages\channels\middleware.py", line 24, in __call__
    return await self.inner(scope, receive, send)
           ^^^^^^^^^^^^^^^^^^^^^^^^^^^^^^^^^^^^^^
  File "C:\Users\ADMIN\Documents\GitHub\Automated-trading-site\.venv\Lib\site-packages\channels\routing.py", line 118, in __call__
    return await application(
           ^^^^^^^^^^^^^^^^^^
    ...<10 lines>...
    )
    ^
  File "C:\Users\ADMIN\Documents\GitHub\Automated-trading-site\.venv\Lib\site-packages\channels\consumer.py", line 95, in app
    return await consumer(scope, receive, send)
           ^^^^^^^^^^^^^^^^^^^^^^^^^^^^^^^^^^^^
  File "C:\Users\ADMIN\Documents\GitHub\Automated-trading-site\.venv\Lib\site-packages\channels\consumer.py", line 44, in __call__
    self.channel_layer = get_channel_layer(self.channel_layer_alias)
                         ~~~~~~~~~~~~~~~~~^^^^^^^^^^^^^^^^^^^^^^^^^^
  File "C:\Users\ADMIN\Documents\GitHub\Automated-trading-site\.venv\Lib\site-packages\channels\layers.py", line 411, in get_channel_layer
    return channel_layers[alias]
           ~~~~~~~~~~~~~~^^^^^^^
  File "C:\Users\ADMIN\Documents\GitHub\Automated-trading-site\.venv\Lib\site-packages\channels\layers.py", line 83, in __getitem__
    self.backends[key] = self.make_backend(key)
                         ~~~~~~~~~~~~~~~~~^^^^^
  File "C:\Users\ADMIN\Documents\GitHub\Automated-trading-site\.venv\Lib\site-packages\channels\layers.py", line 45, in make_backend
    return self._make_backend(name, config)
           ~~~~~~~~~~~~~~~~~~^^^^^^^^^^^^^^
  File "C:\Users\ADMIN\Documents\GitHub\Automated-trading-site\.venv\Lib\site-packages\channels\layers.py", line 73, in _make_backend
    raise InvalidChannelLayerError(
    ...<2 lines>...
    )
channels.exceptions.InvalidChannelLayerError: Cannot import BACKEND 'channels_redis.core.RedisChannelLayer' specified for default
[2026-07-14 20:28:29,686] ERROR daphne.server Exception inside application: Cannot import BACKEND 'channels_redis.core.RedisChannelLayer' specified for default
Traceback (most recent call last):
  File "C:\Users\ADMIN\Documents\GitHub\Automated-trading-site\.venv\Lib\site-packages\channels\layers.py", line 71, in _make_backend
    backend_class = import_string(backend_module)
  File "C:\Users\ADMIN\Documents\GitHub\Automated-trading-site\.venv\Lib\site-packages\django\utils\module_loading.py", line 30, in import_string
    return cached_import(module_path, class_name)
  File "C:\Users\ADMIN\Documents\GitHub\Automated-trading-site\.venv\Lib\site-packages\django\utils\module_loading.py", line 15, in cached_import
    module = import_module(module_path)
  File "C:\Python314\Lib\importlib\__init__.py", line 88, in import_module
    return _bootstrap._gcd_import(name[level:], package, level)
           ~~~~~~~~~~~~~~~~~~~~~~^^^^^^^^^^^^^^^^^^^^^^^^^^^^^^
  File "<frozen importlib._bootstrap>", line 1406, in _gcd_import
  File "<frozen importlib._bootstrap>", line 1371, in _find_and_load
  File "<frozen importlib._bootstrap>", line 1314, in _find_and_load_unlocked
  File "<frozen importlib._bootstrap>", line 491, in _call_with_frames_removed
  File "<frozen importlib._bootstrap>", line 1406, in _gcd_import
  File "<frozen importlib._bootstrap>", line 1371, in _find_and_load
  File "<frozen importlib._bootstrap>", line 1335, in _find_and_load_unlocked
ModuleNotFoundError: No module named 'channels_redis'

During handling of the above exception, another exception occurred:

Traceback (most recent call last):
  File "C:\Users\ADMIN\Documents\GitHub\Automated-trading-site\.venv\Lib\site-packages\django\contrib\staticfiles\handlers.py", line 101, in __call__
    return await self.application(scope, receive, send)
           ^^^^^^^^^^^^^^^^^^^^^^^^^^^^^^^^^^^^^^^^^^^^
  File "C:\Users\ADMIN\Documents\GitHub\Automated-trading-site\.venv\Lib\site-packages\channels\routing.py", line 48, in __call__
    return await application(scope, receive, send)
           ^^^^^^^^^^^^^^^^^^^^^^^^^^^^^^^^^^^^^^^
  File "C:\Users\ADMIN\Documents\GitHub\Automated-trading-site\.venv\Lib\site-packages\channels\sessions.py", line 44, in __call__
    return await self.inner(dict(scope, cookies=cookies), receive, send)
           ^^^^^^^^^^^^^^^^^^^^^^^^^^^^^^^^^^^^^^^^^^^^^^^^^^^^^^^^^^^^^
  File "C:\Users\ADMIN\Documents\GitHub\Automated-trading-site\.venv\Lib\site-packages\channels\sessions.py", line 261, in __call__
    return await self.inner(wrapper.scope, receive, wrapper.send)
           ^^^^^^^^^^^^^^^^^^^^^^^^^^^^^^^^^^^^^^^^^^^^^^^^^^^^^^
  File "C:\Users\ADMIN\Documents\GitHub\Automated-trading-site\.venv\Lib\site-packages\channels\auth.py", line 185, in __call__
    return await super().__call__(scope, receive, send)
           ^^^^^^^^^^^^^^^^^^^^^^^^^^^^^^^^^^^^^^^^^^^^
  File "C:\Users\ADMIN\Documents\GitHub\Automated-trading-site\.venv\Lib\site-packages\channels\middleware.py", line 24, in __call__
    return await self.inner(scope, receive, send)
           ^^^^^^^^^^^^^^^^^^^^^^^^^^^^^^^^^^^^^^
  File "C:\Users\ADMIN\Documents\GitHub\Automated-trading-site\.venv\Lib\site-packages\channels\routing.py", line 118, in __call__
    return await application(
           ^^^^^^^^^^^^^^^^^^
    ...<10 lines>...
    )
    ^
  File "C:\Users\ADMIN\Documents\GitHub\Automated-trading-site\.venv\Lib\site-packages\channels\consumer.py", line 95, in app
    return await consumer(scope, receive, send)
           ^^^^^^^^^^^^^^^^^^^^^^^^^^^^^^^^^^^^
  File "C:\Users\ADMIN\Documents\GitHub\Automated-trading-site\.venv\Lib\site-packages\channels\consumer.py", line 44, in __call__
    self.channel_layer = get_channel_layer(self.channel_layer_alias)
                         ~~~~~~~~~~~~~~~~~^^^^^^^^^^^^^^^^^^^^^^^^^^
  File "C:\Users\ADMIN\Documents\GitHub\Automated-trading-site\.venv\Lib\site-packages\channels\layers.py", line 411, in get_channel_layer
    return channel_layers[alias]
           ~~~~~~~~~~~~~~^^^^^^^
  File "C:\Users\ADMIN\Documents\GitHub\Automated-trading-site\.venv\Lib\site-packages\channels\layers.py", line 83, in __getitem__
    self.backends[key] = self.make_backend(key)
                         ~~~~~~~~~~~~~~~~~^^^^^
  File "C:\Users\ADMIN\Documents\GitHub\Automated-trading-site\.venv\Lib\site-packages\channels\layers.py", line 45, in make_backend
    return self._make_backend(name, config)
           ~~~~~~~~~~~~~~~~~~^^^^^^^^^^^^^^
  File "C:\Users\ADMIN\Documents\GitHub\Automated-trading-site\.venv\Lib\site-packages\channels\layers.py", line 73, in _make_backend
    raise InvalidChannelLayerError(
    ...<2 lines>...
    )
channels.exceptions.InvalidChannelLayerError: Cannot import BACKEND 'channels_redis.core.RedisChannelLayer' specified for default
[2026-07-14 20:28:30,705] ERROR daphne.server Exception inside application: Cannot import BACKEND 'channels_redis.core.RedisChannelLayer' specified for default
Traceback (most recent call last):
  File "C:\Users\ADMIN\Documents\GitHub\Automated-trading-site\.venv\Lib\site-packages\channels\layers.py", line 71, in _make_backend
    backend_class = import_string(backend_module)
  File "C:\Users\ADMIN\Documents\GitHub\Automated-trading-site\.venv\Lib\site-packages\django\utils\module_loading.py", line 30, in import_string
    return cached_import(module_path, class_name)
  File "C:\Users\ADMIN\Documents\GitHub\Automated-trading-site\.venv\Lib\site-packages\django\utils\module_loading.py", line 15, in cached_import
    module = import_module(module_path)
  File "C:\Python314\Lib\importlib\__init__.py", line 88, in import_module
    return _bootstrap._gcd_import(name[level:], package, level)
           ~~~~~~~~~~~~~~~~~~~~~~^^^^^^^^^^^^^^^^^^^^^^^^^^^^^^
  File "<frozen importlib._bootstrap>", line 1406, in _gcd_import
  File "<frozen importlib._bootstrap>", line 1371, in _find_and_load
  File "<frozen importlib._bootstrap>", line 1314, in _find_and_load_unlocked
  File "<frozen importlib._bootstrap>", line 491, in _call_with_frames_removed
  File "<frozen importlib._bootstrap>", line 1406, in _gcd_import
  File "<frozen importlib._bootstrap>", line 1371, in _find_and_load
  File "<frozen importlib._bootstrap>", line 1335, in _find_and_load_unlocked
ModuleNotFoundError: No module named 'channels_redis'

During handling of the above exception, another exception occurred:

Traceback (most recent call last):
  File "C:\Users\ADMIN\Documents\GitHub\Automated-trading-site\.venv\Lib\site-packages\django\contrib\staticfiles\handlers.py", line 101, in __call__
    return await self.application(scope, receive, send)
           ^^^^^^^^^^^^^^^^^^^^^^^^^^^^^^^^^^^^^^^^^^^^
  File "C:\Users\ADMIN\Documents\GitHub\Automated-trading-site\.venv\Lib\site-packages\channels\routing.py", line 48, in __call__
    return await application(scope, receive, send)
           ^^^^^^^^^^^^^^^^^^^^^^^^^^^^^^^^^^^^^^^
  File "C:\Users\ADMIN\Documents\GitHub\Automated-trading-site\.venv\Lib\site-packages\channels\sessions.py", line 44, in __call__
    return await self.inner(dict(scope, cookies=cookies), receive, send)
           ^^^^^^^^^^^^^^^^^^^^^^^^^^^^^^^^^^^^^^^^^^^^^^^^^^^^^^^^^^^^^
  File "C:\Users\ADMIN\Documents\GitHub\Automated-trading-site\.venv\Lib\site-packages\channels\sessions.py", line 261, in __call__
    return await self.inner(wrapper.scope, receive, wrapper.send)
           ^^^^^^^^^^^^^^^^^^^^^^^^^^^^^^^^^^^^^^^^^^^^^^^^^^^^^^
  File "C:\Users\ADMIN\Documents\GitHub\Automated-trading-site\.venv\Lib\site-packages\channels\auth.py", line 185, in __call__
    return await super().__call__(scope, receive, send)
           ^^^^^^^^^^^^^^^^^^^^^^^^^^^^^^^^^^^^^^^^^^^^
  File "C:\Users\ADMIN\Documents\GitHub\Automated-trading-site\.venv\Lib\site-packages\channels\middleware.py", line 24, in __call__
    return await self.inner(scope, receive, send)
           ^^^^^^^^^^^^^^^^^^^^^^^^^^^^^^^^^^^^^^
  File "C:\Users\ADMIN\Documents\GitHub\Automated-trading-site\.venv\Lib\site-packages\channels\routing.py", line 118, in __call__
    return await application(
           ^^^^^^^^^^^^^^^^^^
    ...<10 lines>...
    )
    ^
  File "C:\Users\ADMIN\Documents\GitHub\Automated-trading-site\.venv\Lib\site-packages\channels\consumer.py", line 95, in app
    return await consumer(scope, receive, send)
           ^^^^^^^^^^^^^^^^^^^^^^^^^^^^^^^^^^^^
  File "C:\Users\ADMIN\Documents\GitHub\Automated-trading-site\.venv\Lib\site-packages\channels\consumer.py", line 44, in __call__
    self.channel_layer = get_channel_layer(self.channel_layer_alias)
                         ~~~~~~~~~~~~~~~~~^^^^^^^^^^^^^^^^^^^^^^^^^^
  File "C:\Users\ADMIN\Documents\GitHub\Automated-trading-site\.venv\Lib\site-packages\channels\layers.py", line 411, in get_channel_layer
    return channel_layers[alias]
           ~~~~~~~~~~~~~~^^^^^^^
  File "C:\Users\ADMIN\Documents\GitHub\Automated-trading-site\.venv\Lib\site-packages\channels\layers.py", line 83, in __getitem__
    self.backends[key] = self.make_backend(key)
                         ~~~~~~~~~~~~~~~~~^^^^^
  File "C:\Users\ADMIN\Documents\GitHub\Automated-trading-site\.venv\Lib\site-packages\channels\layers.py", line 45, in make_backend
    return self._make_backend(name, config)
           ~~~~~~~~~~~~~~~~~~^^^^^^^^^^^^^^
  File "C:\Users\ADMIN\Documents\GitHub\Automated-trading-site\.venv\Lib\site-packages\channels\layers.py", line 73, in _make_backend
    raise InvalidChannelLayerError(
    ...<2 lines>...
    )
channels.exceptions.InvalidChannelLayerError: Cannot import BACKEND 'channels_redis.core.RedisChannelLayer' specified for default
[2026-07-14 20:28:31,721] ERROR daphne.server Exception inside application: Cannot import BACKEND 'channels_redis.core.RedisChannelLayer' specified for default
Traceback (most recent call last):
  File "C:\Users\ADMIN\Documents\GitHub\Automated-trading-site\.venv\Lib\site-packages\channels\layers.py", line 71, in _make_backend
    backend_class = import_string(backend_module)
  File "C:\Users\ADMIN\Documents\GitHub\Automated-trading-site\.venv\Lib\site-packages\django\utils\module_loading.py", line 30, in import_string
    return cached_import(module_path, class_name)
  File "C:\Users\ADMIN\Documents\GitHub\Automated-trading-site\.venv\Lib\site-packages\django\utils\module_loading.py", line 15, in cached_import
    module = import_module(module_path)
  File "C:\Python314\Lib\importlib\__init__.py", line 88, in import_module
    return _bootstrap._gcd_import(name[level:], package, level)
           ~~~~~~~~~~~~~~~~~~~~~~^^^^^^^^^^^^^^^^^^^^^^^^^^^^^^
  File "<frozen importlib._bootstrap>", line 1406, in _gcd_import
  File "<frozen importlib._bootstrap>", line 1371, in _find_and_load
  File "<frozen importlib._bootstrap>", line 1314, in _find_and_load_unlocked
  File "<frozen importlib._bootstrap>", line 491, in _call_with_frames_removed
  File "<frozen importlib._bootstrap>", line 1406, in _gcd_import
  File "<frozen importlib._bootstrap>", line 1371, in _find_and_load
  File "<frozen importlib._bootstrap>", line 1335, in _find_and_load_unlocked
ModuleNotFoundError: No module named 'channels_redis'

During handling of the above exception, another exception occurred:

Traceback (most recent call last):
  File "C:\Users\ADMIN\Documents\GitHub\Automated-trading-site\.venv\Lib\site-packages\django\contrib\staticfiles\handlers.py", line 101, in __call__
    return await self.application(scope, receive, send)
           ^^^^^^^^^^^^^^^^^^^^^^^^^^^^^^^^^^^^^^^^^^^^
  File "C:\Users\ADMIN\Documents\GitHub\Automated-trading-site\.venv\Lib\site-packages\channels\routing.py", line 48, in __call__
    return await application(scope, receive, send)
           ^^^^^^^^^^^^^^^^^^^^^^^^^^^^^^^^^^^^^^^
  File "C:\Users\ADMIN\Documents\GitHub\Automated-trading-site\.venv\Lib\site-packages\channels\sessions.py", line 44, in __call__
    return await self.inner(dict(scope, cookies=cookies), receive, send)
           ^^^^^^^^^^^^^^^^^^^^^^^^^^^^^^^^^^^^^^^^^^^^^^^^^^^^^^^^^^^^^
  File "C:\Users\ADMIN\Documents\GitHub\Automated-trading-site\.venv\Lib\site-packages\channels\sessions.py", line 261, in __call__
    return await self.inner(wrapper.scope, receive, wrapper.send)
           ^^^^^^^^^^^^^^^^^^^^^^^^^^^^^^^^^^^^^^^^^^^^^^^^^^^^^^
  File "C:\Users\ADMIN\Documents\GitHub\Automated-trading-site\.venv\Lib\site-packages\channels\auth.py", line 185, in __call__
    return await super().__call__(scope, receive, send)
           ^^^^^^^^^^^^^^^^^^^^^^^^^^^^^^^^^^^^^^^^^^^^
  File "C:\Users\ADMIN\Documents\GitHub\Automated-trading-site\.venv\Lib\site-packages\channels\middleware.py", line 24, in __call__
    return await self.inner(scope, receive, send)
           ^^^^^^^^^^^^^^^^^^^^^^^^^^^^^^^^^^^^^^
  File "C:\Users\ADMIN\Documents\GitHub\Automated-trading-site\.venv\Lib\site-packages\channels\routing.py", line 118, in __call__
    return await application(
           ^^^^^^^^^^^^^^^^^^
    ...<10 lines>...
    )
    ^
  File "C:\Users\ADMIN\Documents\GitHub\Automated-trading-site\.venv\Lib\site-packages\channels\consumer.py", line 95, in app
    return await consumer(scope, receive, send)
           ^^^^^^^^^^^^^^^^^^^^^^^^^^^^^^^^^^^^
  File "C:\Users\ADMIN\Documents\GitHub\Automated-trading-site\.venv\Lib\site-packages\channels\consumer.py", line 44, in __call__
    self.channel_layer = get_channel_layer(self.channel_layer_alias)
                         ~~~~~~~~~~~~~~~~~^^^^^^^^^^^^^^^^^^^^^^^^^^
  File "C:\Users\ADMIN\Documents\GitHub\Automated-trading-site\.venv\Lib\site-packages\channels\layers.py", line 411, in get_channel_layer
    return channel_layers[alias]
           ~~~~~~~~~~~~~~^^^^^^^
  File "C:\Users\ADMIN\Documents\GitHub\Automated-trading-site\.venv\Lib\site-packages\channels\layers.py", line 83, in __getitem__
    self.backends[key] = self.make_backend(key)
                         ~~~~~~~~~~~~~~~~~^^^^^
  File "C:\Users\ADMIN\Documents\GitHub\Automated-trading-site\.venv\Lib\site-packages\channels\layers.py", line 45, in make_backend
    return self._make_backend(name, config)
           ~~~~~~~~~~~~~~~~~~^^^^^^^^^^^^^^
  File "C:\Users\ADMIN\Documents\GitHub\Automated-trading-site\.venv\Lib\site-packages\channels\layers.py", line 73, in _make_backend
    raise InvalidChannelLayerError(
    ...<2 lines>...
    )
channels.exceptions.InvalidChannelLayerError: Cannot import BACKEND 'channels_redis.core.RedisChannelLayer' specified for default
[2026-07-14 20:28:32,728] ERROR daphne.server Exception inside application: Cannot import BACKEND 'channels_redis.core.RedisChannelLayer' specified for default
Traceback (most recent call last):
  File "C:\Users\ADMIN\Documents\GitHub\Automated-trading-site\.venv\Lib\site-packages\channels\layers.py", line 71, in _make_backend
    backend_class = import_string(backend_module)
  File "C:\Users\ADMIN\Documents\GitHub\Automated-trading-site\.venv\Lib\site-packages\django\utils\module_loading.py", line 30, in import_string
    return cached_import(module_path, class_name)
  File "C:\Users\ADMIN\Documents\GitHub\Automated-trading-site\.venv\Lib\site-packages\django\utils\module_loading.py", line 15, in cached_import
    module = import_module(module_path)
  File "C:\Python314\Lib\importlib\__init__.py", line 88, in import_module
    return _bootstrap._gcd_import(name[level:], package, level)
           ~~~~~~~~~~~~~~~~~~~~~~^^^^^^^^^^^^^^^^^^^^^^^^^^^^^^
  File "<frozen importlib._bootstrap>", line 1406, in _gcd_import
  File "<frozen importlib._bootstrap>", line 1371, in _find_and_load
  File "<frozen importlib._bootstrap>", line 1314, in _find_and_load_unlocked
  File "<frozen importlib._bootstrap>", line 491, in _call_with_frames_removed
  File "<frozen importlib._bootstrap>", line 1406, in _gcd_import
  File "<frozen importlib._bootstrap>", line 1371, in _find_and_load
  File "<frozen importlib._bootstrap>", line 1335, in _find_and_load_unlocked
ModuleNotFoundError: No module named 'channels_redis'

During handling of the above exception, another exception occurred:

Traceback (most recent call last):
  File "C:\Users\ADMIN\Documents\GitHub\Automated-trading-site\.venv\Lib\site-packages\django\contrib\staticfiles\handlers.py", line 101, in __call__
    return await self.application(scope, receive, send)
           ^^^^^^^^^^^^^^^^^^^^^^^^^^^^^^^^^^^^^^^^^^^^
  File "C:\Users\ADMIN\Documents\GitHub\Automated-trading-site\.venv\Lib\site-packages\channels\routing.py", line 48, in __call__
    return await application(scope, receive, send)
           ^^^^^^^^^^^^^^^^^^^^^^^^^^^^^^^^^^^^^^^
  File "C:\Users\ADMIN\Documents\GitHub\Automated-trading-site\.venv\Lib\site-packages\channels\sessions.py", line 44, in __call__
    return await self.inner(dict(scope, cookies=cookies), receive, send)
           ^^^^^^^^^^^^^^^^^^^^^^^^^^^^^^^^^^^^^^^^^^^^^^^^^^^^^^^^^^^^^
  File "C:\Users\ADMIN\Documents\GitHub\Automated-trading-site\.venv\Lib\site-packages\channels\sessions.py", line 261, in __call__
    return await self.inner(wrapper.scope, receive, wrapper.send)
           ^^^^^^^^^^^^^^^^^^^^^^^^^^^^^^^^^^^^^^^^^^^^^^^^^^^^^^
  File "C:\Users\ADMIN\Documents\GitHub\Automated-trading-site\.venv\Lib\site-packages\channels\auth.py", line 185, in __call__
    return await super().__call__(scope, receive, send)
           ^^^^^^^^^^^^^^^^^^^^^^^^^^^^^^^^^^^^^^^^^^^^
  File "C:\Users\ADMIN\Documents\GitHub\Automated-trading-site\.venv\Lib\site-packages\channels\middleware.py", line 24, in __call__
    return await self.inner(scope, receive, send)
           ^^^^^^^^^^^^^^^^^^^^^^^^^^^^^^^^^^^^^^
  File "C:\Users\ADMIN\Documents\GitHub\Automated-trading-site\.venv\Lib\site-packages\channels\routing.py", line 118, in __call__
    return await application(
           ^^^^^^^^^^^^^^^^^^
    ...<10 lines>...
    )
    ^
  File "C:\Users\ADMIN\Documents\GitHub\Automated-trading-site\.venv\Lib\site-packages\channels\consumer.py", line 95, in app
    return await consumer(scope, receive, send)
           ^^^^^^^^^^^^^^^^^^^^^^^^^^^^^^^^^^^^
  File "C:\Users\ADMIN\Documents\GitHub\Automated-trading-site\.venv\Lib\site-packages\channels\consumer.py", line 44, in __call__
    self.channel_layer = get_channel_layer(self.channel_layer_alias)
                         ~~~~~~~~~~~~~~~~~^^^^^^^^^^^^^^^^^^^^^^^^^^
  File "C:\Users\ADMIN\Documents\GitHub\Automated-trading-site\.venv\Lib\site-packages\channels\layers.py", line 411, in get_channel_layer
    return channel_layers[alias]
           ~~~~~~~~~~~~~~^^^^^^^
  File "C:\Users\ADMIN\Documents\GitHub\Automated-trading-site\.venv\Lib\site-packages\channels\layers.py", line 83, in __getitem__
    self.backends[key] = self.make_backend(key)
                         ~~~~~~~~~~~~~~~~~^^^^^
  File "C:\Users\ADMIN\Documents\GitHub\Automated-trading-site\.venv\Lib\site-packages\channels\layers.py", line 45, in make_backend
    return self._make_backend(name, config)
           ~~~~~~~~~~~~~~~~~~^^^^^^^^^^^^^^
  File "C:\Users\ADMIN\Documents\GitHub\Automated-trading-site\.venv\Lib\site-packages\channels\layers.py", line 73, in _make_backend
    raise InvalidChannelLayerError(
    ...<2 lines>...
    )
channels.exceptions.InvalidChannelLayerError: Cannot import BACKEND 'channels_redis.core.RedisChannelLayer' specified for default
[2026-07-14 20:28:33,734] ERROR daphne.server Exception inside application: Cannot import BACKEND 'channels_redis.core.RedisChannelLayer' specified for default
Traceback (most recent call last):
  File "C:\Users\ADMIN\Documents\GitHub\Automated-trading-site\.venv\Lib\site-packages\channels\layers.py", line 71, in _make_backend
    backend_class = import_string(backend_module)
  File "C:\Users\ADMIN\Documents\GitHub\Automated-trading-site\.venv\Lib\site-packages\django\utils\module_loading.py", line 30, in import_string
    return cached_import(module_path, class_name)
  File "C:\Users\ADMIN\Documents\GitHub\Automated-trading-site\.venv\Lib\site-packages\django\utils\module_loading.py", line 15, in cached_import
    module = import_module(module_path)
  File "C:\Python314\Lib\importlib\__init__.py", line 88, in import_module
    return _bootstrap._gcd_import(name[level:], package, level)
           ~~~~~~~~~~~~~~~~~~~~~~^^^^^^^^^^^^^^^^^^^^^^^^^^^^^^
  File "<frozen importlib._bootstrap>", line 1406, in _gcd_import
  File "<frozen importlib._bootstrap>", line 1371, in _find_and_load
  File "<frozen importlib._bootstrap>", line 1314, in _find_and_load_unlocked
  File "<frozen importlib._bootstrap>", line 491, in _call_with_frames_removed
  File "<frozen importlib._bootstrap>", line 1406, in _gcd_import
  File "<frozen importlib._bootstrap>", line 1371, in _find_and_load
  File "<frozen importlib._bootstrap>", line 1335, in _find_and_load_unlocked
ModuleNotFoundError: No module named 'channels_redis'

During handling of the above exception, another exception occurred:

Traceback (most recent call last):
  File "C:\Users\ADMIN\Documents\GitHub\Automated-trading-site\.venv\Lib\site-packages\django\contrib\staticfiles\handlers.py", line 101, in __call__
    return await self.application(scope, receive, send)
           ^^^^^^^^^^^^^^^^^^^^^^^^^^^^^^^^^^^^^^^^^^^^
  File "C:\Users\ADMIN\Documents\GitHub\Automated-trading-site\.venv\Lib\site-packages\channels\routing.py", line 48, in __call__
    return await application(scope, receive, send)
           ^^^^^^^^^^^^^^^^^^^^^^^^^^^^^^^^^^^^^^^
  File "C:\Users\ADMIN\Documents\GitHub\Automated-trading-site\.venv\Lib\site-packages\channels\sessions.py", line 44, in __call__
    return await self.inner(dict(scope, cookies=cookies), receive, send)
           ^^^^^^^^^^^^^^^^^^^^^^^^^^^^^^^^^^^^^^^^^^^^^^^^^^^^^^^^^^^^^
  File "C:\Users\ADMIN\Documents\GitHub\Automated-trading-site\.venv\Lib\site-packages\channels\sessions.py", line 261, in __call__
    return await self.inner(wrapper.scope, receive, wrapper.send)
           ^^^^^^^^^^^^^^^^^^^^^^^^^^^^^^^^^^^^^^^^^^^^^^^^^^^^^^
  File "C:\Users\ADMIN\Documents\GitHub\Automated-trading-site\.venv\Lib\site-packages\channels\auth.py", line 185, in __call__
    return await super().__call__(scope, receive, send)
           ^^^^^^^^^^^^^^^^^^^^^^^^^^^^^^^^^^^^^^^^^^^^
  File "C:\Users\ADMIN\Documents\GitHub\Automated-trading-site\.venv\Lib\site-packages\channels\middleware.py", line 24, in __call__
    return await self.inner(scope, receive, send)
           ^^^^^^^^^^^^^^^^^^^^^^^^^^^^^^^^^^^^^^
  File "C:\Users\ADMIN\Documents\GitHub\Automated-trading-site\.venv\Lib\site-packages\channels\routing.py", line 118, in __call__
    return await application(
           ^^^^^^^^^^^^^^^^^^
    ...<10 lines>...
    )
    ^
  File "C:\Users\ADMIN\Documents\GitHub\Automated-trading-site\.venv\Lib\site-packages\channels\consumer.py", line 95, in app
    return await consumer(scope, receive, send)
           ^^^^^^^^^^^^^^^^^^^^^^^^^^^^^^^^^^^^
  File "C:\Users\ADMIN\Documents\GitHub\Automated-trading-site\.venv\Lib\site-packages\channels\consumer.py", line 44, in __call__
    self.channel_layer = get_channel_layer(self.channel_layer_alias)
                         ~~~~~~~~~~~~~~~~~^^^^^^^^^^^^^^^^^^^^^^^^^^
  File "C:\Users\ADMIN\Documents\GitHub\Automated-trading-site\.venv\Lib\site-packages\channels\layers.py", line 411, in get_channel_layer
    return channel_layers[alias]
           ~~~~~~~~~~~~~~^^^^^^^
  File "C:\Users\ADMIN\Documents\GitHub\Automated-trading-site\.venv\Lib\site-packages\channels\layers.py", line 83, in __getitem__
    self.backends[key] = self.make_backend(key)
                         ~~~~~~~~~~~~~~~~~^^^^^
  File "C:\Users\ADMIN\Documents\GitHub\Automated-trading-site\.venv\Lib\site-packages\channels\layers.py", line 45, in make_backend
    return self._make_backend(name, config)
           ~~~~~~~~~~~~~~~~~~^^^^^^^^^^^^^^
  File "C:\Users\ADMIN\Documents\GitHub\Automated-trading-site\.venv\Lib\site-packages\channels\layers.py", line 73, in _make_backend
    raise InvalidChannelLayerError(
    ...<2 lines>...
    )
channels.exceptions.InvalidChannelLayerError: Cannot import BACKEND 'channels_redis.core.RedisChannelLayer' specified for default
[2026-07-14 20:28:34,751] ERROR daphne.server Exception inside application: Cannot import BACKEND 'channels_redis.core.RedisChannelLayer' specified for default
Traceback (most recent call last):
  File "C:\Users\ADMIN\Documents\GitHub\Automated-trading-site\.venv\Lib\site-packages\channels\layers.py", line 71, in _make_backend
    backend_class = import_string(backend_module)
  File "C:\Users\ADMIN\Documents\GitHub\Automated-trading-site\.venv\Lib\site-packages\django\utils\module_loading.py", line 30, in import_string
    return cached_import(module_path, class_name)
  File "C:\Users\ADMIN\Documents\GitHub\Automated-trading-site\.venv\Lib\site-packages\django\utils\module_loading.py", line 15, in cached_import
    module = import_module(module_path)
  File "C:\Python314\Lib\importlib\__init__.py", line 88, in import_module
    return _bootstrap._gcd_import(name[level:], package, level)
           ~~~~~~~~~~~~~~~~~~~~~~^^^^^^^^^^^^^^^^^^^^^^^^^^^^^^
  File "<frozen importlib._bootstrap>", line 1406, in _gcd_import
  File "<frozen importlib._bootstrap>", line 1371, in _find_and_load
  File "<frozen importlib._bootstrap>", line 1314, in _find_and_load_unlocked
  File "<frozen importlib._bootstrap>", line 491, in _call_with_frames_removed
  File "<frozen importlib._bootstrap>", line 1406, in _gcd_import
  File "<frozen importlib._bootstrap>", line 1371, in _find_and_load
  File "<frozen importlib._bootstrap>", line 1335, in _find_and_load_unlocked
ModuleNotFoundError: No module named 'channels_redis'

During handling of the above exception, another exception occurred:

Traceback (most recent call last):
  File "C:\Users\ADMIN\Documents\GitHub\Automated-trading-site\.venv\Lib\site-packages\django\contrib\staticfiles\handlers.py", line 101, in __call__
    return await self.application(scope, receive, send)
           ^^^^^^^^^^^^^^^^^^^^^^^^^^^^^^^^^^^^^^^^^^^^
  File "C:\Users\ADMIN\Documents\GitHub\Automated-trading-site\.venv\Lib\site-packages\channels\routing.py", line 48, in __call__
    return await application(scope, receive, send)
           ^^^^^^^^^^^^^^^^^^^^^^^^^^^^^^^^^^^^^^^
  File "C:\Users\ADMIN\Documents\GitHub\Automated-trading-site\.venv\Lib\site-packages\channels\sessions.py", line 44, in __call__
    return await self.inner(dict(scope, cookies=cookies), receive, send)
           ^^^^^^^^^^^^^^^^^^^^^^^^^^^^^^^^^^^^^^^^^^^^^^^^^^^^^^^^^^^^^
  File "C:\Users\ADMIN\Documents\GitHub\Automated-trading-site\.venv\Lib\site-packages\channels\sessions.py", line 261, in __call__
    return await self.inner(wrapper.scope, receive, wrapper.send)
           ^^^^^^^^^^^^^^^^^^^^^^^^^^^^^^^^^^^^^^^^^^^^^^^^^^^^^^
  File "C:\Users\ADMIN\Documents\GitHub\Automated-trading-site\.venv\Lib\site-packages\channels\auth.py", line 185, in __call__
    return await super().__call__(scope, receive, send)
           ^^^^^^^^^^^^^^^^^^^^^^^^^^^^^^^^^^^^^^^^^^^^
  File "C:\Users\ADMIN\Documents\GitHub\Automated-trading-site\.venv\Lib\site-packages\channels\middleware.py", line 24, in __call__
    return await self.inner(scope, receive, send)
           ^^^^^^^^^^^^^^^^^^^^^^^^^^^^^^^^^^^^^^
  File "C:\Users\ADMIN\Documents\GitHub\Automated-trading-site\.venv\Lib\site-packages\channels\routing.py", line 118, in __call__
    return await application(
           ^^^^^^^^^^^^^^^^^^
    ...<10 lines>...
    )
    ^
  File "C:\Users\ADMIN\Documents\GitHub\Automated-trading-site\.venv\Lib\site-packages\channels\consumer.py", line 95, in app
    return await consumer(scope, receive, send)
           ^^^^^^^^^^^^^^^^^^^^^^^^^^^^^^^^^^^^
  File "C:\Users\ADMIN\Documents\GitHub\Automated-trading-site\.venv\Lib\site-packages\channels\consumer.py", line 44, in __call__
    self.channel_layer = get_channel_layer(self.channel_layer_alias)
                         ~~~~~~~~~~~~~~~~~^^^^^^^^^^^^^^^^^^^^^^^^^^
  File "C:\Users\ADMIN\Documents\GitHub\Automated-trading-site\.venv\Lib\site-packages\channels\layers.py", line 411, in get_channel_layer
    return channel_layers[alias]
           ~~~~~~~~~~~~~~^^^^^^^
  File "C:\Users\ADMIN\Documents\GitHub\Automated-trading-site\.venv\Lib\site-packages\channels\layers.py", line 83, in __getitem__
    self.backends[key] = self.make_backend(key)
                         ~~~~~~~~~~~~~~~~~^^^^^
  File "C:\Users\ADMIN\Documents\GitHub\Automated-trading-site\.venv\Lib\site-packages\channels\layers.py", line 45, in make_backend
    return self._make_backend(name, config)
           ~~~~~~~~~~~~~~~~~~^^^^^^^^^^^^^^
  File "C:\Users\ADMIN\Documents\GitHub\Automated-trading-site\.venv\Lib\site-packages\channels\layers.py", line 73, in _make_backend
    raise InvalidChannelLayerError(
    ...<2 lines>...
    )
channels.exceptions.InvalidChannelLayerError: Cannot import BACKEND 'channels_redis.core.RedisChannelLayer' specified for default
[2026-07-14 20:28:35,764] ERROR daphne.server Exception inside application: Cannot import BACKEND 'channels_redis.core.RedisChannelLayer' specified for default
Traceback (most recent call last):
  File "C:\Users\ADMIN\Documents\GitHub\Automated-trading-site\.venv\Lib\site-packages\channels\layers.py", line 71, in _make_backend
    backend_class = import_string(backend_module)
  File "C:\Users\ADMIN\Documents\GitHub\Automated-trading-site\.venv\Lib\site-packages\django\utils\module_loading.py", line 30, in import_string
    return cached_import(module_path, class_name)
  File "C:\Users\ADMIN\Documents\GitHub\Automated-trading-site\.venv\Lib\site-packages\django\utils\module_loading.py", line 15, in cached_import
    module = import_module(module_path)
  File "C:\Python314\Lib\importlib\__init__.py", line 88, in import_module
    return _bootstrap._gcd_import(name[level:], package, level)
           ~~~~~~~~~~~~~~~~~~~~~~^^^^^^^^^^^^^^^^^^^^^^^^^^^^^^
  File "<frozen importlib._bootstrap>", line 1406, in _gcd_import
  File "<frozen importlib._bootstrap>", line 1371, in _find_and_load
  File "<frozen importlib._bootstrap>", line 1314, in _find_and_load_unlocked
  File "<frozen importlib._bootstrap>", line 491, in _call_with_frames_removed
  File "<frozen importlib._bootstrap>", line 1406, in _gcd_import
  File "<frozen importlib._bootstrap>", line 1371, in _find_and_load
  File "<frozen importlib._bootstrap>", line 1335, in _find_and_load_unlocked
ModuleNotFoundError: No module named 'channels_redis'

During handling of the above exception, another exception occurred:

Traceback (most recent call last):
  File "C:\Users\ADMIN\Documents\GitHub\Automated-trading-site\.venv\Lib\site-packages\django\contrib\staticfiles\handlers.py", line 101, in __call__
    return await self.application(scope, receive, send)
           ^^^^^^^^^^^^^^^^^^^^^^^^^^^^^^^^^^^^^^^^^^^^
  File "C:\Users\ADMIN\Documents\GitHub\Automated-trading-site\.venv\Lib\site-packages\channels\routing.py", line 48, in __call__
    return await application(scope, receive, send)
           ^^^^^^^^^^^^^^^^^^^^^^^^^^^^^^^^^^^^^^^
  File "C:\Users\ADMIN\Documents\GitHub\Automated-trading-site\.venv\Lib\site-packages\channels\sessions.py", line 44, in __call__
    return await self.inner(dict(scope, cookies=cookies), receive, send)
           ^^^^^^^^^^^^^^^^^^^^^^^^^^^^^^^^^^^^^^^^^^^^^^^^^^^^^^^^^^^^^
  File "C:\Users\ADMIN\Documents\GitHub\Automated-trading-site\.venv\Lib\site-packages\channels\sessions.py", line 261, in __call__
    return await self.inner(wrapper.scope, receive, wrapper.send)
           ^^^^^^^^^^^^^^^^^^^^^^^^^^^^^^^^^^^^^^^^^^^^^^^^^^^^^^
  File "C:\Users\ADMIN\Documents\GitHub\Automated-trading-site\.venv\Lib\site-packages\channels\auth.py", line 185, in __call__
    return await super().__call__(scope, receive, send)
           ^^^^^^^^^^^^^^^^^^^^^^^^^^^^^^^^^^^^^^^^^^^^
  File "C:\Users\ADMIN\Documents\GitHub\Automated-trading-site\.venv\Lib\site-packages\channels\middleware.py", line 24, in __call__
    return await self.inner(scope, receive, send)
           ^^^^^^^^^^^^^^^^^^^^^^^^^^^^^^^^^^^^^^
  File "C:\Users\ADMIN\Documents\GitHub\Automated-trading-site\.venv\Lib\site-packages\channels\routing.py", line 118, in __call__
    return await application(
           ^^^^^^^^^^^^^^^^^^
    ...<10 lines>...
    )
    ^
  File "C:\Users\ADMIN\Documents\GitHub\Automated-trading-site\.venv\Lib\site-packages\channels\consumer.py", line 95, in app
    return await consumer(scope, receive, send)
           ^^^^^^^^^^^^^^^^^^^^^^^^^^^^^^^^^^^^
  File "C:\Users\ADMIN\Documents\GitHub\Automated-trading-site\.venv\Lib\site-packages\channels\consumer.py", line 44, in __call__
    self.channel_layer = get_channel_layer(self.channel_layer_alias)
                         ~~~~~~~~~~~~~~~~~^^^^^^^^^^^^^^^^^^^^^^^^^^
  File "C:\Users\ADMIN\Documents\GitHub\Automated-trading-site\.venv\Lib\site-packages\channels\layers.py", line 411, in get_channel_layer
    return channel_layers[alias]
           ~~~~~~~~~~~~~~^^^^^^^
  File "C:\Users\ADMIN\Documents\GitHub\Automated-trading-site\.venv\Lib\site-packages\channels\layers.py", line 83, in __getitem__
    self.backends[key] = self.make_backend(key)
                         ~~~~~~~~~~~~~~~~~^^^^^
  File "C:\Users\ADMIN\Documents\GitHub\Automated-trading-site\.venv\Lib\site-packages\channels\layers.py", line 45, in make_backend
    return self._make_backend(name, config)
           ~~~~~~~~~~~~~~~~~~^^^^^^^^^^^^^^
  File "C:\Users\ADMIN\Documents\GitHub\Automated-trading-site\.venv\Lib\site-packages\channels\layers.py", line 73, in _make_backend
    raise InvalidChannelLayerError(
    ...<2 lines>...
    )
channels.exceptions.InvalidChannelLayerError: Cannot import BACKEND 'channels_redis.core.RedisChannelLayer' specified for default
[2026-07-14 20:28:36,777] ERROR daphne.server Exception inside application: Cannot import BACKEND 'channels_redis.core.RedisChannelLayer' specified for default
Traceback (most recent call last):
  File "C:\Users\ADMIN\Documents\GitHub\Automated-trading-site\.venv\Lib\site-packages\channels\layers.py", line 71, in _make_backend
    backend_class = import_string(backend_module)
  File "C:\Users\ADMIN\Documents\GitHub\Automated-trading-site\.venv\Lib\site-packages\django\utils\module_loading.py", line 30, in import_string
    return cached_import(module_path, class_name)
  File "C:\Users\ADMIN\Documents\GitHub\Automated-trading-site\.venv\Lib\site-packages\django\utils\module_loading.py", line 15, in cached_import
    module = import_module(module_path)
  File "C:\Python314\Lib\importlib\__init__.py", line 88, in import_module
    return _bootstrap._gcd_import(name[level:], package, level)
           ~~~~~~~~~~~~~~~~~~~~~~^^^^^^^^^^^^^^^^^^^^^^^^^^^^^^
  File "<frozen importlib._bootstrap>", line 1406, in _gcd_import
  File "<frozen importlib._bootstrap>", line 1371, in _find_and_load
  File "<frozen importlib._bootstrap>", line 1314, in _find_and_load_unlocked
  File "<frozen importlib._bootstrap>", line 491, in _call_with_frames_removed
  File "<frozen importlib._bootstrap>", line 1406, in _gcd_import
  File "<frozen importlib._bootstrap>", line 1371, in _find_and_load
  File "<frozen importlib._bootstrap>", line 1335, in _find_and_load_unlocked
ModuleNotFoundError: No module named 'channels_redis'

During handling of the above exception, another exception occurred:

Traceback (most recent call last):
  File "C:\Users\ADMIN\Documents\GitHub\Automated-trading-site\.venv\Lib\site-packages\django\contrib\staticfiles\handlers.py", line 101, in __call__
    return await self.application(scope, receive, send)
           ^^^^^^^^^^^^^^^^^^^^^^^^^^^^^^^^^^^^^^^^^^^^
  File "C:\Users\ADMIN\Documents\GitHub\Automated-trading-site\.venv\Lib\site-packages\channels\routing.py", line 48, in __call__
    return await application(scope, receive, send)
           ^^^^^^^^^^^^^^^^^^^^^^^^^^^^^^^^^^^^^^^
  File "C:\Users\ADMIN\Documents\GitHub\Automated-trading-site\.venv\Lib\site-packages\channels\sessions.py", line 44, in __call__
    return await self.inner(dict(scope, cookies=cookies), receive, send)
           ^^^^^^^^^^^^^^^^^^^^^^^^^^^^^^^^^^^^^^^^^^^^^^^^^^^^^^^^^^^^^
  File "C:\Users\ADMIN\Documents\GitHub\Automated-trading-site\.venv\Lib\site-packages\channels\sessions.py", line 261, in __call__
    return await self.inner(wrapper.scope, receive, wrapper.send)
           ^^^^^^^^^^^^^^^^^^^^^^^^^^^^^^^^^^^^^^^^^^^^^^^^^^^^^^
  File "C:\Users\ADMIN\Documents\GitHub\Automated-trading-site\.venv\Lib\site-packages\channels\auth.py", line 185, in __call__
    return await super().__call__(scope, receive, send)
           ^^^^^^^^^^^^^^^^^^^^^^^^^^^^^^^^^^^^^^^^^^^^
  File "C:\Users\ADMIN\Documents\GitHub\Automated-trading-site\.venv\Lib\site-packages\channels\middleware.py", line 24, in __call__
    return await self.inner(scope, receive, send)
           ^^^^^^^^^^^^^^^^^^^^^^^^^^^^^^^^^^^^^^
  File "C:\Users\ADMIN\Documents\GitHub\Automated-trading-site\.venv\Lib\site-packages\channels\routing.py", line 118, in __call__
    return await application(
           ^^^^^^^^^^^^^^^^^^
    ...<10 lines>...
    )
    ^
  File "C:\Users\ADMIN\Documents\GitHub\Automated-trading-site\.venv\Lib\site-packages\channels\consumer.py", line 95, in app
    return await consumer(scope, receive, send)
           ^^^^^^^^^^^^^^^^^^^^^^^^^^^^^^^^^^^^
  File "C:\Users\ADMIN\Documents\GitHub\Automated-trading-site\.venv\Lib\site-packages\channels\consumer.py", line 44, in __call__
    self.channel_layer = get_channel_layer(self.channel_layer_alias)
                         ~~~~~~~~~~~~~~~~~^^^^^^^^^^^^^^^^^^^^^^^^^^
  File "C:\Users\ADMIN\Documents\GitHub\Automated-trading-site\.venv\Lib\site-packages\channels\layers.py", line 411, in get_channel_layer
    return channel_layers[alias]
           ~~~~~~~~~~~~~~^^^^^^^
  File "C:\Users\ADMIN\Documents\GitHub\Automated-trading-site\.venv\Lib\site-packages\channels\layers.py", line 83, in __getitem__
    self.backends[key] = self.make_backend(key)
                         ~~~~~~~~~~~~~~~~~^^^^^
  File "C:\Users\ADMIN\Documents\GitHub\Automated-trading-site\.venv\Lib\site-packages\channels\layers.py", line 45, in make_backend
    return self._make_backend(name, config)
           ~~~~~~~~~~~~~~~~~~^^^^^^^^^^^^^^
  File "C:\Users\ADMIN\Documents\GitHub\Automated-trading-site\.venv\Lib\site-packages\channels\layers.py", line 73, in _make_backend
    raise InvalidChannelLayerError(
    ...<2 lines>...
    )
channels.exceptions.InvalidChannelLayerError: Cannot import BACKEND 'channels_redis.core.RedisChannelLayer' specified for default
[2026-07-14 20:28:37,785] ERROR daphne.server Exception inside application: Cannot import BACKEND 'channels_redis.core.RedisChannelLayer' specified for default
Traceback (most recent call last):
  File "C:\Users\ADMIN\Documents\GitHub\Automated-trading-site\.venv\Lib\site-packages\channels\layers.py", line 71, in _make_backend
    backend_class = import_string(backend_module)
  File "C:\Users\ADMIN\Documents\GitHub\Automated-trading-site\.venv\Lib\site-packages\django\utils\module_loading.py", line 30, in import_string
    return cached_import(module_path, class_name)
  File "C:\Users\ADMIN\Documents\GitHub\Automated-trading-site\.venv\Lib\site-packages\django\utils\module_loading.py", line 15, in cached_import
    module = import_module(module_path)
  File "C:\Python314\Lib\importlib\__init__.py", line 88, in import_module
    return _bootstrap._gcd_import(name[level:], package, level)
           ~~~~~~~~~~~~~~~~~~~~~~^^^^^^^^^^^^^^^^^^^^^^^^^^^^^^
  File "<frozen importlib._bootstrap>", line 1406, in _gcd_import
  File "<frozen importlib._bootstrap>", line 1371, in _find_and_load
  File "<frozen importlib._bootstrap>", line 1314, in _find_and_load_unlocked
  File "<frozen importlib._bootstrap>", line 491, in _call_with_frames_removed
  File "<frozen importlib._bootstrap>", line 1406, in _gcd_import
  File "<frozen importlib._bootstrap>", line 1371, in _find_and_load
  File "<frozen importlib._bootstrap>", line 1335, in _find_and_load_unlocked
ModuleNotFoundError: No module named 'channels_redis'

During handling of the above exception, another exception occurred:

Traceback (most recent call last):
  File "C:\Users\ADMIN\Documents\GitHub\Automated-trading-site\.venv\Lib\site-packages\django\contrib\staticfiles\handlers.py", line 101, in __call__
    return await self.application(scope, receive, send)
           ^^^^^^^^^^^^^^^^^^^^^^^^^^^^^^^^^^^^^^^^^^^^
  File "C:\Users\ADMIN\Documents\GitHub\Automated-trading-site\.venv\Lib\site-packages\channels\routing.py", line 48, in __call__
    return await application(scope, receive, send)
           ^^^^^^^^^^^^^^^^^^^^^^^^^^^^^^^^^^^^^^^
  File "C:\Users\ADMIN\Documents\GitHub\Automated-trading-site\.venv\Lib\site-packages\channels\sessions.py", line 44, in __call__
    return await self.inner(dict(scope, cookies=cookies), receive, send)
           ^^^^^^^^^^^^^^^^^^^^^^^^^^^^^^^^^^^^^^^^^^^^^^^^^^^^^^^^^^^^^
  File "C:\Users\ADMIN\Documents\GitHub\Automated-trading-site\.venv\Lib\site-packages\channels\sessions.py", line 261, in __call__
    return await self.inner(wrapper.scope, receive, wrapper.send)
           ^^^^^^^^^^^^^^^^^^^^^^^^^^^^^^^^^^^^^^^^^^^^^^^^^^^^^^
  File "C:\Users\ADMIN\Documents\GitHub\Automated-trading-site\.venv\Lib\site-packages\channels\auth.py", line 185, in __call__
    return await super().__call__(scope, receive, send)
           ^^^^^^^^^^^^^^^^^^^^^^^^^^^^^^^^^^^^^^^^^^^^
  File "C:\Users\ADMIN\Documents\GitHub\Automated-trading-site\.venv\Lib\site-packages\channels\middleware.py", line 24, in __call__
    return await self.inner(scope, receive, send)
           ^^^^^^^^^^^^^^^^^^^^^^^^^^^^^^^^^^^^^^
  File "C:\Users\ADMIN\Documents\GitHub\Automated-trading-site\.venv\Lib\site-packages\channels\routing.py", line 118, in __call__
    return await application(
           ^^^^^^^^^^^^^^^^^^
    ...<10 lines>...
    )
    ^
  File "C:\Users\ADMIN\Documents\GitHub\Automated-trading-site\.venv\Lib\site-packages\channels\consumer.py", line 95, in app
    return await consumer(scope, receive, send)
           ^^^^^^^^^^^^^^^^^^^^^^^^^^^^^^^^^^^^
  File "C:\Users\ADMIN\Documents\GitHub\Automated-trading-site\.venv\Lib\site-packages\channels\consumer.py", line 44, in __call__
    self.channel_layer = get_channel_layer(self.channel_layer_alias)
                         ~~~~~~~~~~~~~~~~~^^^^^^^^^^^^^^^^^^^^^^^^^^
  File "C:\Users\ADMIN\Documents\GitHub\Automated-trading-site\.venv\Lib\site-packages\channels\layers.py", line 411, in get_channel_layer
    return channel_layers[alias]
           ~~~~~~~~~~~~~~^^^^^^^
  File "C:\Users\ADMIN\Documents\GitHub\Automated-trading-site\.venv\Lib\site-packages\channels\layers.py", line 83, in __getitem__
    self.backends[key] = self.make_backend(key)
                         ~~~~~~~~~~~~~~~~~^^^^^
  File "C:\Users\ADMIN\Documents\GitHub\Automated-trading-site\.venv\Lib\site-packages\channels\layers.py", line 45, in make_backend
    return self._make_backend(name, config)
           ~~~~~~~~~~~~~~~~~~^^^^^^^^^^^^^^
  File "C:\Users\ADMIN\Documents\GitHub\Automated-trading-site\.venv\Lib\site-packages\channels\layers.py", line 73, in _make_backend
    raise InvalidChannelLayerError(
    ...<2 lines>...
    )
channels.exceptions.InvalidChannelLayerError: Cannot import BACKEND 'channels_redis.core.RedisChannelLayer' specified for default
[2026-07-14 20:28:38,792] ERROR daphne.server Exception inside application: Cannot import BACKEND 'channels_redis.core.RedisChannelLayer' specified for default
Traceback (most recent call last):
  File "C:\Users\ADMIN\Documents\GitHub\Automated-trading-site\.venv\Lib\site-packages\channels\layers.py", line 71, in _make_backend
    backend_class = import_string(backend_module)
  File "C:\Users\ADMIN\Documents\GitHub\Automated-trading-site\.venv\Lib\site-packages\django\utils\module_loading.py", line 30, in import_string
    return cached_import(module_path, class_name)
  File "C:\Users\ADMIN\Documents\GitHub\Automated-trading-site\.venv\Lib\site-packages\django\utils\module_loading.py", line 15, in cached_import
    module = import_module(module_path)
  File "C:\Python314\Lib\importlib\__init__.py", line 88, in import_module
    return _bootstrap._gcd_import(name[level:], package, level)
           ~~~~~~~~~~~~~~~~~~~~~~^^^^^^^^^^^^^^^^^^^^^^^^^^^^^^
  File "<frozen importlib._bootstrap>", line 1406, in _gcd_import
  File "<frozen importlib._bootstrap>", line 1371, in _find_and_load
  File "<frozen importlib._bootstrap>", line 1314, in _find_and_load_unlocked
  File "<frozen importlib._bootstrap>", line 491, in _call_with_frames_removed
  File "<frozen importlib._bootstrap>", line 1406, in _gcd_import
  File "<frozen importlib._bootstrap>", line 1371, in _find_and_load
  File "<frozen importlib._bootstrap>", line 1335, in _find_and_load_unlocked
ModuleNotFoundError: No module named 'channels_redis'

During handling of the above exception, another exception occurred:

Traceback (most recent call last):
  File "C:\Users\ADMIN\Documents\GitHub\Automated-trading-site\.venv\Lib\site-packages\django\contrib\staticfiles\handlers.py", line 101, in __call__
    return await self.application(scope, receive, send)
           ^^^^^^^^^^^^^^^^^^^^^^^^^^^^^^^^^^^^^^^^^^^^
  File "C:\Users\ADMIN\Documents\GitHub\Automated-trading-site\.venv\Lib\site-packages\channels\routing.py", line 48, in __call__
    return await application(scope, receive, send)
           ^^^^^^^^^^^^^^^^^^^^^^^^^^^^^^^^^^^^^^^
  File "C:\Users\ADMIN\Documents\GitHub\Automated-trading-site\.venv\Lib\site-packages\channels\sessions.py", line 44, in __call__
    return await self.inner(dict(scope, cookies=cookies), receive, send)
           ^^^^^^^^^^^^^^^^^^^^^^^^^^^^^^^^^^^^^^^^^^^^^^^^^^^^^^^^^^^^^
  File "C:\Users\ADMIN\Documents\GitHub\Automated-trading-site\.venv\Lib\site-packages\channels\sessions.py", line 261, in __call__
    return await self.inner(wrapper.scope, receive, wrapper.send)
           ^^^^^^^^^^^^^^^^^^^^^^^^^^^^^^^^^^^^^^^^^^^^^^^^^^^^^^
  File "C:\Users\ADMIN\Documents\GitHub\Automated-trading-site\.venv\Lib\site-packages\channels\auth.py", line 185, in __call__
    return await super().__call__(scope, receive, send)
           ^^^^^^^^^^^^^^^^^^^^^^^^^^^^^^^^^^^^^^^^^^^^
  File "C:\Users\ADMIN\Documents\GitHub\Automated-trading-site\.venv\Lib\site-packages\channels\middleware.py", line 24, in __call__
    return await self.inner(scope, receive, send)
           ^^^^^^^^^^^^^^^^^^^^^^^^^^^^^^^^^^^^^^
  File "C:\Users\ADMIN\Documents\GitHub\Automated-trading-site\.venv\Lib\site-packages\channels\routing.py", line 118, in __call__
    return await application(
           ^^^^^^^^^^^^^^^^^^
    ...<10 lines>...
    )
    ^
  File "C:\Users\ADMIN\Documents\GitHub\Automated-trading-site\.venv\Lib\site-packages\channels\consumer.py", line 95, in app
    return await consumer(scope, receive, send)
           ^^^^^^^^^^^^^^^^^^^^^^^^^^^^^^^^^^^^
  File "C:\Users\ADMIN\Documents\GitHub\Automated-trading-site\.venv\Lib\site-packages\channels\consumer.py", line 44, in __call__
    self.channel_layer = get_channel_layer(self.channel_layer_alias)
                         ~~~~~~~~~~~~~~~~~^^^^^^^^^^^^^^^^^^^^^^^^^^
  File "C:\Users\ADMIN\Documents\GitHub\Automated-trading-site\.venv\Lib\site-packages\channels\layers.py", line 411, in get_channel_layer
    return channel_layers[alias]
           ~~~~~~~~~~~~~~^^^^^^^
  File "C:\Users\ADMIN\Documents\GitHub\Automated-trading-site\.venv\Lib\site-packages\channels\layers.py", line 83, in __getitem__
    self.backends[key] = self.make_backend(key)
                         ~~~~~~~~~~~~~~~~~^^^^^
  File "C:\Users\ADMIN\Documents\GitHub\Automated-trading-site\.venv\Lib\site-packages\channels\layers.py", line 45, in make_backend
    return self._make_backend(name, config)
           ~~~~~~~~~~~~~~~~~~^^^^^^^^^^^^^^
  File "C:\Users\ADMIN\Documents\GitHub\Automated-trading-site\.venv\Lib\site-packages\channels\layers.py", line 73, in _make_backend
    raise InvalidChannelLayerError(
    ...<2 lines>...
    )
channels.exceptions.InvalidChannelLayerError: Cannot import BACKEND 'channels_redis.core.RedisChannelLayer' specified for default
[2026-07-14 20:28:39,799] ERROR daphne.server Exception inside application: Cannot import BACKEND 'channels_redis.core.RedisChannelLayer' specified for default
Traceback (most recent call last):
  File "C:\Users\ADMIN\Documents\GitHub\Automated-trading-site\.venv\Lib\site-packages\channels\layers.py", line 71, in _make_backend
    backend_class = import_string(backend_module)
  File "C:\Users\ADMIN\Documents\GitHub\Automated-trading-site\.venv\Lib\site-packages\django\utils\module_loading.py", line 30, in import_string
    return cached_import(module_path, class_name)
  File "C:\Users\ADMIN\Documents\GitHub\Automated-trading-site\.venv\Lib\site-packages\django\utils\module_loading.py", line 15, in cached_import
    module = import_module(module_path)
  File "C:\Python314\Lib\importlib\__init__.py", line 88, in import_module
    return _bootstrap._gcd_import(name[level:], package, level)
           ~~~~~~~~~~~~~~~~~~~~~~^^^^^^^^^^^^^^^^^^^^^^^^^^^^^^
  File "<frozen importlib._bootstrap>", line 1406, in _gcd_import
  File "<frozen importlib._bootstrap>", line 1371, in _find_and_load
  File "<frozen importlib._bootstrap>", line 1314, in _find_and_load_unlocked
  File "<frozen importlib._bootstrap>", line 491, in _call_with_frames_removed
  File "<frozen importlib._bootstrap>", line 1406, in _gcd_import
  File "<frozen importlib._bootstrap>", line 1371, in _find_and_load
  File "<frozen importlib._bootstrap>", line 1335, in _find_and_load_unlocked
ModuleNotFoundError: No module named 'channels_redis'

During handling of the above exception, another exception occurred:

Traceback (most recent call last):
  File "C:\Users\ADMIN\Documents\GitHub\Automated-trading-site\.venv\Lib\site-packages\django\contrib\staticfiles\handlers.py", line 101, in __call__
    return await self.application(scope, receive, send)
           ^^^^^^^^^^^^^^^^^^^^^^^^^^^^^^^^^^^^^^^^^^^^
  File "C:\Users\ADMIN\Documents\GitHub\Automated-trading-site\.venv\Lib\site-packages\channels\routing.py", line 48, in __call__
    return await application(scope, receive, send)
           ^^^^^^^^^^^^^^^^^^^^^^^^^^^^^^^^^^^^^^^
  File "C:\Users\ADMIN\Documents\GitHub\Automated-trading-site\.venv\Lib\site-packages\channels\sessions.py", line 44, in __call__
    return await self.inner(dict(scope, cookies=cookies), receive, send)
           ^^^^^^^^^^^^^^^^^^^^^^^^^^^^^^^^^^^^^^^^^^^^^^^^^^^^^^^^^^^^^
  File "C:\Users\ADMIN\Documents\GitHub\Automated-trading-site\.venv\Lib\site-packages\channels\sessions.py", line 261, in __call__
    return await self.inner(wrapper.scope, receive, wrapper.send)
           ^^^^^^^^^^^^^^^^^^^^^^^^^^^^^^^^^^^^^^^^^^^^^^^^^^^^^^
  File "C:\Users\ADMIN\Documents\GitHub\Automated-trading-site\.venv\Lib\site-packages\channels\auth.py", line 185, in __call__
    return await super().__call__(scope, receive, send)
           ^^^^^^^^^^^^^^^^^^^^^^^^^^^^^^^^^^^^^^^^^^^^
  File "C:\Users\ADMIN\Documents\GitHub\Automated-trading-site\.venv\Lib\site-packages\channels\middleware.py", line 24, in __call__
    return await self.inner(scope, receive, send)
           ^^^^^^^^^^^^^^^^^^^^^^^^^^^^^^^^^^^^^^
  File "C:\Users\ADMIN\Documents\GitHub\Automated-trading-site\.venv\Lib\site-packages\channels\routing.py", line 118, in __call__
    return await application(
           ^^^^^^^^^^^^^^^^^^
    ...<10 lines>...
    )
    ^
  File "C:\Users\ADMIN\Documents\GitHub\Automated-trading-site\.venv\Lib\site-packages\channels\consumer.py", line 95, in app
    return await consumer(scope, receive, send)
           ^^^^^^^^^^^^^^^^^^^^^^^^^^^^^^^^^^^^
  File "C:\Users\ADMIN\Documents\GitHub\Automated-trading-site\.venv\Lib\site-packages\channels\consumer.py", line 44, in __call__
    self.channel_layer = get_channel_layer(self.channel_layer_alias)
                         ~~~~~~~~~~~~~~~~~^^^^^^^^^^^^^^^^^^^^^^^^^^
  File "C:\Users\ADMIN\Documents\GitHub\Automated-trading-site\.venv\Lib\site-packages\channels\layers.py", line 411, in get_channel_layer
    return channel_layers[alias]
           ~~~~~~~~~~~~~~^^^^^^^
  File "C:\Users\ADMIN\Documents\GitHub\Automated-trading-site\.venv\Lib\site-packages\channels\layers.py", line 83, in __getitem__
    self.backends[key] = self.make_backend(key)
                         ~~~~~~~~~~~~~~~~~^^^^^
  File "C:\Users\ADMIN\Documents\GitHub\Automated-trading-site\.venv\Lib\site-packages\channels\layers.py", line 45, in make_backend
    return self._make_backend(name, config)
           ~~~~~~~~~~~~~~~~~~^^^^^^^^^^^^^^
  File "C:\Users\ADMIN\Documents\GitHub\Automated-trading-site\.venv\Lib\site-packages\channels\layers.py", line 73, in _make_backend
    raise InvalidChannelLayerError(
    ...<2 lines>...
    )
channels.exceptions.InvalidChannelLayerError: Cannot import BACKEND 'channels_redis.core.RedisChannelLayer' specified for default
[2026-07-14 20:28:40,821] ERROR daphne.server Exception inside application: Cannot import BACKEND 'channels_redis.core.RedisChannelLayer' specified for default
Traceback (most recent call last):
  File "C:\Users\ADMIN\Documents\GitHub\Automated-trading-site\.venv\Lib\site-packages\channels\layers.py", line 71, in _make_backend
    backend_class = import_string(backend_module)
  File "C:\Users\ADMIN\Documents\GitHub\Automated-trading-site\.venv\Lib\site-packages\django\utils\module_loading.py", line 30, in import_string
    return cached_import(module_path, class_name)
  File "C:\Users\ADMIN\Documents\GitHub\Automated-trading-site\.venv\Lib\site-packages\django\utils\module_loading.py", line 15, in cached_import
    module = import_module(module_path)
  File "C:\Python314\Lib\importlib\__init__.py", line 88, in import_module
    return _bootstrap._gcd_import(name[level:], package, level)
           ~~~~~~~~~~~~~~~~~~~~~~^^^^^^^^^^^^^^^^^^^^^^^^^^^^^^
  File "<frozen importlib._bootstrap>", line 1406, in _gcd_import
  File "<frozen importlib._bootstrap>", line 1371, in _find_and_load
  File "<frozen importlib._bootstrap>", line 1314, in _find_and_load_unlocked
  File "<frozen importlib._bootstrap>", line 491, in _call_with_frames_removed
  File "<frozen importlib._bootstrap>", line 1406, in _gcd_import
  File "<frozen importlib._bootstrap>", line 1371, in _find_and_load
  File "<frozen importlib._bootstrap>", line 1335, in _find_and_load_unlocked
ModuleNotFoundError: No module named 'channels_redis'

During handling of the above exception, another exception occurred:

Traceback (most recent call last):
  File "C:\Users\ADMIN\Documents\GitHub\Automated-trading-site\.venv\Lib\site-packages\django\contrib\staticfiles\handlers.py", line 101, in __call__
    return await self.application(scope, receive, send)
           ^^^^^^^^^^^^^^^^^^^^^^^^^^^^^^^^^^^^^^^^^^^^
  File "C:\Users\ADMIN\Documents\GitHub\Automated-trading-site\.venv\Lib\site-packages\channels\routing.py", line 48, in __call__
    return await application(scope, receive, send)
           ^^^^^^^^^^^^^^^^^^^^^^^^^^^^^^^^^^^^^^^
  File "C:\Users\ADMIN\Documents\GitHub\Automated-trading-site\.venv\Lib\site-packages\channels\sessions.py", line 44, in __call__
    return await self.inner(dict(scope, cookies=cookies), receive, send)
           ^^^^^^^^^^^^^^^^^^^^^^^^^^^^^^^^^^^^^^^^^^^^^^^^^^^^^^^^^^^^^
  File "C:\Users\ADMIN\Documents\GitHub\Automated-trading-site\.venv\Lib\site-packages\channels\sessions.py", line 261, in __call__
    return await self.inner(wrapper.scope, receive, wrapper.send)
           ^^^^^^^^^^^^^^^^^^^^^^^^^^^^^^^^^^^^^^^^^^^^^^^^^^^^^^
  File "C:\Users\ADMIN\Documents\GitHub\Automated-trading-site\.venv\Lib\site-packages\channels\auth.py", line 185, in __call__
    return await super().__call__(scope, receive, send)
           ^^^^^^^^^^^^^^^^^^^^^^^^^^^^^^^^^^^^^^^^^^^^
  File "C:\Users\ADMIN\Documents\GitHub\Automated-trading-site\.venv\Lib\site-packages\channels\middleware.py", line 24, in __call__
    return await self.inner(scope, receive, send)
           ^^^^^^^^^^^^^^^^^^^^^^^^^^^^^^^^^^^^^^
  File "C:\Users\ADMIN\Documents\GitHub\Automated-trading-site\.venv\Lib\site-packages\channels\routing.py", line 118, in __call__
    return await application(
           ^^^^^^^^^^^^^^^^^^
    ...<10 lines>...
    )
    ^
  File "C:\Users\ADMIN\Documents\GitHub\Automated-trading-site\.venv\Lib\site-packages\channels\consumer.py", line 95, in app
    return await consumer(scope, receive, send)
           ^^^^^^^^^^^^^^^^^^^^^^^^^^^^^^^^^^^^
  File "C:\Users\ADMIN\Documents\GitHub\Automated-trading-site\.venv\Lib\site-packages\channels\consumer.py", line 44, in __call__
    self.channel_layer = get_channel_layer(self.channel_layer_alias)
                         ~~~~~~~~~~~~~~~~~^^^^^^^^^^^^^^^^^^^^^^^^^^
  File "C:\Users\ADMIN\Documents\GitHub\Automated-trading-site\.venv\Lib\site-packages\channels\layers.py", line 411, in get_channel_layer
    return channel_layers[alias]
           ~~~~~~~~~~~~~~^^^^^^^
  File "C:\Users\ADMIN\Documents\GitHub\Automated-trading-site\.venv\Lib\site-packages\channels\layers.py", line 83, in __getitem__
    self.backends[key] = self.make_backend(key)
                         ~~~~~~~~~~~~~~~~~^^^^^
  File "C:\Users\ADMIN\Documents\GitHub\Automated-trading-site\.venv\Lib\site-packages\channels\layers.py", line 45, in make_backend
    return self._make_backend(name, config)
           ~~~~~~~~~~~~~~~~~~^^^^^^^^^^^^^^
  File "C:\Users\ADMIN\Documents\GitHub\Automated-trading-site\.venv\Lib\site-packages\channels\layers.py", line 73, in _make_backend
    raise InvalidChannelLayerError(
    ...<2 lines>...
    )
channels.exceptions.InvalidChannelLayerError: Cannot import BACKEND 'channels_redis.core.RedisChannelLayer' specified for default
[2026-07-14 20:28:41,828] ERROR daphne.server Exception inside application: Cannot import BACKEND 'channels_redis.core.RedisChannelLayer' specified for default
Traceback (most recent call last):
  File "C:\Users\ADMIN\Documents\GitHub\Automated-trading-site\.venv\Lib\site-packages\channels\layers.py", line 71, in _make_backend
    backend_class = import_string(backend_module)
  File "C:\Users\ADMIN\Documents\GitHub\Automated-trading-site\.venv\Lib\site-packages\django\utils\module_loading.py", line 30, in import_string
    return cached_import(module_path, class_name)
  File "C:\Users\ADMIN\Documents\GitHub\Automated-trading-site\.venv\Lib\site-packages\django\utils\module_loading.py", line 15, in cached_import
    module = import_module(module_path)
  File "C:\Python314\Lib\importlib\__init__.py", line 88, in import_module
    return _bootstrap._gcd_import(name[level:], package, level)
           ~~~~~~~~~~~~~~~~~~~~~~^^^^^^^^^^^^^^^^^^^^^^^^^^^^^^
  File "<frozen importlib._bootstrap>", line 1406, in _gcd_import
  File "<frozen importlib._bootstrap>", line 1371, in _find_and_load
  File "<frozen importlib._bootstrap>", line 1314, in _find_and_load_unlocked
  File "<frozen importlib._bootstrap>", line 491, in _call_with_frames_removed
  File "<frozen importlib._bootstrap>", line 1406, in _gcd_import
  File "<frozen importlib._bootstrap>", line 1371, in _find_and_load
  File "<frozen importlib._bootstrap>", line 1335, in _find_and_load_unlocked
ModuleNotFoundError: No module named 'channels_redis'

During handling of the above exception, another exception occurred:

Traceback (most recent call last):
  File "C:\Users\ADMIN\Documents\GitHub\Automated-trading-site\.venv\Lib\site-packages\django\contrib\staticfiles\handlers.py", line 101, in __call__
    return await self.application(scope, receive, send)
           ^^^^^^^^^^^^^^^^^^^^^^^^^^^^^^^^^^^^^^^^^^^^
  File "C:\Users\ADMIN\Documents\GitHub\Automated-trading-site\.venv\Lib\site-packages\channels\routing.py", line 48, in __call__
    return await application(scope, receive, send)
           ^^^^^^^^^^^^^^^^^^^^^^^^^^^^^^^^^^^^^^^
  File "C:\Users\ADMIN\Documents\GitHub\Automated-trading-site\.venv\Lib\site-packages\channels\sessions.py", line 44, in __call__
    return await self.inner(dict(scope, cookies=cookies), receive, send)
           ^^^^^^^^^^^^^^^^^^^^^^^^^^^^^^^^^^^^^^^^^^^^^^^^^^^^^^^^^^^^^
  File "C:\Users\ADMIN\Documents\GitHub\Automated-trading-site\.venv\Lib\site-packages\channels\sessions.py", line 261, in __call__
    return await self.inner(wrapper.scope, receive, wrapper.send)
           ^^^^^^^^^^^^^^^^^^^^^^^^^^^^^^^^^^^^^^^^^^^^^^^^^^^^^^
  File "C:\Users\ADMIN\Documents\GitHub\Automated-trading-site\.venv\Lib\site-packages\channels\auth.py", line 185, in __call__
    return await super().__call__(scope, receive, send)
           ^^^^^^^^^^^^^^^^^^^^^^^^^^^^^^^^^^^^^^^^^^^^
  File "C:\Users\ADMIN\Documents\GitHub\Automated-trading-site\.venv\Lib\site-packages\channels\middleware.py", line 24, in __call__
    return await self.inner(scope, receive, send)
           ^^^^^^^^^^^^^^^^^^^^^^^^^^^^^^^^^^^^^^
  File "C:\Users\ADMIN\Documents\GitHub\Automated-trading-site\.venv\Lib\site-packages\channels\routing.py", line 118, in __call__
    return await application(
           ^^^^^^^^^^^^^^^^^^
    ...<10 lines>...
    )
    ^
  File "C:\Users\ADMIN\Documents\GitHub\Automated-trading-site\.venv\Lib\site-packages\channels\consumer.py", line 95, in app
    return await consumer(scope, receive, send)
           ^^^^^^^^^^^^^^^^^^^^^^^^^^^^^^^^^^^^
  File "C:\Users\ADMIN\Documents\GitHub\Automated-trading-site\.venv\Lib\site-packages\channels\consumer.py", line 44, in __call__
    self.channel_layer = get_channel_layer(self.channel_layer_alias)
                         ~~~~~~~~~~~~~~~~~^^^^^^^^^^^^^^^^^^^^^^^^^^
  File "C:\Users\ADMIN\Documents\GitHub\Automated-trading-site\.venv\Lib\site-packages\channels\layers.py", line 411, in get_channel_layer
    return channel_layers[alias]
           ~~~~~~~~~~~~~~^^^^^^^
  File "C:\Users\ADMIN\Documents\GitHub\Automated-trading-site\.venv\Lib\site-packages\channels\layers.py", line 83, in __getitem__
    self.backends[key] = self.make_backend(key)
                         ~~~~~~~~~~~~~~~~~^^^^^
  File "C:\Users\ADMIN\Documents\GitHub\Automated-trading-site\.venv\Lib\site-packages\channels\layers.py", line 45, in make_backend
    return self._make_backend(name, config)
           ~~~~~~~~~~~~~~~~~~^^^^^^^^^^^^^^
  File "C:\Users\ADMIN\Documents\GitHub\Automated-trading-site\.venv\Lib\site-packages\channels\layers.py", line 73, in _make_backend
    raise InvalidChannelLayerError(
    ...<2 lines>...
    )
channels.exceptions.InvalidChannelLayerError: Cannot import BACKEND 'channels_redis.core.RedisChannelLayer' specified for default
[2026-07-14 20:28:42,844] ERROR daphne.server Exception inside application: Cannot import BACKEND 'channels_redis.core.RedisChannelLayer' specified for default
Traceback (most recent call last):
  File "C:\Users\ADMIN\Documents\GitHub\Automated-trading-site\.venv\Lib\site-packages\channels\layers.py", line 71, in _make_backend
    backend_class = import_string(backend_module)
  File "C:\Users\ADMIN\Documents\GitHub\Automated-trading-site\.venv\Lib\site-packages\django\utils\module_loading.py", line 30, in import_string
    return cached_import(module_path, class_name)
  File "C:\Users\ADMIN\Documents\GitHub\Automated-trading-site\.venv\Lib\site-packages\django\utils\module_loading.py", line 15, in cached_import
    module = import_module(module_path)
  File "C:\Python314\Lib\importlib\__init__.py", line 88, in import_module
    return _bootstrap._gcd_import(name[level:], package, level)
           ~~~~~~~~~~~~~~~~~~~~~~^^^^^^^^^^^^^^^^^^^^^^^^^^^^^^
  File "<frozen importlib._bootstrap>", line 1406, in _gcd_import
  File "<frozen importlib._bootstrap>", line 1371, in _find_and_load
  File "<frozen importlib._bootstrap>", line 1314, in _find_and_load_unlocked
  File "<frozen importlib._bootstrap>", line 491, in _call_with_frames_removed
  File "<frozen importlib._bootstrap>", line 1406, in _gcd_import
  File "<frozen importlib._bootstrap>", line 1371, in _find_and_load
  File "<frozen importlib._bootstrap>", line 1335, in _find_and_load_unlocked
ModuleNotFoundError: No module named 'channels_redis'

During handling of the above exception, another exception occurred:

Traceback (most recent call last):
  File "C:\Users\ADMIN\Documents\GitHub\Automated-trading-site\.venv\Lib\site-packages\django\contrib\staticfiles\handlers.py", line 101, in __call__
    return await self.application(scope, receive, send)
           ^^^^^^^^^^^^^^^^^^^^^^^^^^^^^^^^^^^^^^^^^^^^
  File "C:\Users\ADMIN\Documents\GitHub\Automated-trading-site\.venv\Lib\site-packages\channels\routing.py", line 48, in __call__
    return await application(scope, receive, send)
           ^^^^^^^^^^^^^^^^^^^^^^^^^^^^^^^^^^^^^^^
  File "C:\Users\ADMIN\Documents\GitHub\Automated-trading-site\.venv\Lib\site-packages\channels\sessions.py", line 44, in __call__
    return await self.inner(dict(scope, cookies=cookies), receive, send)
           ^^^^^^^^^^^^^^^^^^^^^^^^^^^^^^^^^^^^^^^^^^^^^^^^^^^^^^^^^^^^^
  File "C:\Users\ADMIN\Documents\GitHub\Automated-trading-site\.venv\Lib\site-packages\channels\sessions.py", line 261, in __call__
    return await self.inner(wrapper.scope, receive, wrapper.send)
           ^^^^^^^^^^^^^^^^^^^^^^^^^^^^^^^^^^^^^^^^^^^^^^^^^^^^^^
  File "C:\Users\ADMIN\Documents\GitHub\Automated-trading-site\.venv\Lib\site-packages\channels\auth.py", line 185, in __call__
    return await super().__call__(scope, receive, send)
           ^^^^^^^^^^^^^^^^^^^^^^^^^^^^^^^^^^^^^^^^^^^^
  File "C:\Users\ADMIN\Documents\GitHub\Automated-trading-site\.venv\Lib\site-packages\channels\middleware.py", line 24, in __call__
    return await self.inner(scope, receive, send)
           ^^^^^^^^^^^^^^^^^^^^^^^^^^^^^^^^^^^^^^
  File "C:\Users\ADMIN\Documents\GitHub\Automated-trading-site\.venv\Lib\site-packages\channels\routing.py", line 118, in __call__
    return await application(
           ^^^^^^^^^^^^^^^^^^
    ...<10 lines>...
    )
    ^
  File "C:\Users\ADMIN\Documents\GitHub\Automated-trading-site\.venv\Lib\site-packages\channels\consumer.py", line 95, in app
    return await consumer(scope, receive, send)
           ^^^^^^^^^^^^^^^^^^^^^^^^^^^^^^^^^^^^
  File "C:\Users\ADMIN\Documents\GitHub\Automated-trading-site\.venv\Lib\site-packages\channels\consumer.py", line 44, in __call__
    self.channel_layer = get_channel_layer(self.channel_layer_alias)
                         ~~~~~~~~~~~~~~~~~^^^^^^^^^^^^^^^^^^^^^^^^^^
  File "C:\Users\ADMIN\Documents\GitHub\Automated-trading-site\.venv\Lib\site-packages\channels\layers.py", line 411, in get_channel_layer
    return channel_layers[alias]
           ~~~~~~~~~~~~~~^^^^^^^
  File "C:\Users\ADMIN\Documents\GitHub\Automated-trading-site\.venv\Lib\site-packages\channels\layers.py", line 83, in __getitem__
    self.backends[key] = self.make_backend(key)
                         ~~~~~~~~~~~~~~~~~^^^^^
  File "C:\Users\ADMIN\Documents\GitHub\Automated-trading-site\.venv\Lib\site-packages\channels\layers.py", line 45, in make_backend
    return self._make_backend(name, config)
           ~~~~~~~~~~~~~~~~~~^^^^^^^^^^^^^^
  File "C:\Users\ADMIN\Documents\GitHub\Automated-trading-site\.venv\Lib\site-packages\channels\layers.py", line 73, in _make_backend
    raise InvalidChannelLayerError(
    ...<2 lines>...
    )
channels.exceptions.InvalidChannelLayerError: Cannot import BACKEND 'channels_redis.core.RedisChannelLayer' specified for default
[2026-07-14 20:28:43,864] ERROR daphne.server Exception inside application: Cannot import BACKEND 'channels_redis.core.RedisChannelLayer' specified for default
Traceback (most recent call last):
  File "C:\Users\ADMIN\Documents\GitHub\Automated-trading-site\.venv\Lib\site-packages\channels\layers.py", line 71, in _make_backend
    backend_class = import_string(backend_module)
  File "C:\Users\ADMIN\Documents\GitHub\Automated-trading-site\.venv\Lib\site-packages\django\utils\module_loading.py", line 30, in import_string
    return cached_import(module_path, class_name)
  File "C:\Users\ADMIN\Documents\GitHub\Automated-trading-site\.venv\Lib\site-packages\django\utils\module_loading.py", line 15, in cached_import
    module = import_module(module_path)
  File "C:\Python314\Lib\importlib\__init__.py", line 88, in import_module
    return _bootstrap._gcd_import(name[level:], package, level)
           ~~~~~~~~~~~~~~~~~~~~~~^^^^^^^^^^^^^^^^^^^^^^^^^^^^^^
  File "<frozen importlib._bootstrap>", line 1406, in _gcd_import
  File "<frozen importlib._bootstrap>", line 1371, in _find_and_load
  File "<frozen importlib._bootstrap>", line 1314, in _find_and_load_unlocked
  File "<frozen importlib._bootstrap>", line 491, in _call_with_frames_removed
  File "<frozen importlib._bootstrap>", line 1406, in _gcd_import
  File "<frozen importlib._bootstrap>", line 1371, in _find_and_load
  File "<frozen importlib._bootstrap>", line 1335, in _find_and_load_unlocked
ModuleNotFoundError: No module named 'channels_redis'

During handling of the above exception, another exception occurred:

Traceback (most recent call last):
  File "C:\Users\ADMIN\Documents\GitHub\Automated-trading-site\.venv\Lib\site-packages\django\contrib\staticfiles\handlers.py", line 101, in __call__
    return await self.application(scope, receive, send)
           ^^^^^^^^^^^^^^^^^^^^^^^^^^^^^^^^^^^^^^^^^^^^
  File "C:\Users\ADMIN\Documents\GitHub\Automated-trading-site\.venv\Lib\site-packages\channels\routing.py", line 48, in __call__
    return await application(scope, receive, send)
           ^^^^^^^^^^^^^^^^^^^^^^^^^^^^^^^^^^^^^^^
  File "C:\Users\ADMIN\Documents\GitHub\Automated-trading-site\.venv\Lib\site-packages\channels\sessions.py", line 44, in __call__
    return await self.inner(dict(scope, cookies=cookies), receive, send)
           ^^^^^^^^^^^^^^^^^^^^^^^^^^^^^^^^^^^^^^^^^^^^^^^^^^^^^^^^^^^^^
  File "C:\Users\ADMIN\Documents\GitHub\Automated-trading-site\.venv\Lib\site-packages\channels\sessions.py", line 261, in __call__
    return await self.inner(wrapper.scope, receive, wrapper.send)
           ^^^^^^^^^^^^^^^^^^^^^^^^^^^^^^^^^^^^^^^^^^^^^^^^^^^^^^
  File "C:\Users\ADMIN\Documents\GitHub\Automated-trading-site\.venv\Lib\site-packages\channels\auth.py", line 185, in __call__
    return await super().__call__(scope, receive, send)
           ^^^^^^^^^^^^^^^^^^^^^^^^^^^^^^^^^^^^^^^^^^^^
  File "C:\Users\ADMIN\Documents\GitHub\Automated-trading-site\.venv\Lib\site-packages\channels\middleware.py", line 24, in __call__
    return await self.inner(scope, receive, send)
           ^^^^^^^^^^^^^^^^^^^^^^^^^^^^^^^^^^^^^^
  File "C:\Users\ADMIN\Documents\GitHub\Automated-trading-site\.venv\Lib\site-packages\channels\routing.py", line 118, in __call__
    return await application(
           ^^^^^^^^^^^^^^^^^^
    ...<10 lines>...
    )
    ^
  File "C:\Users\ADMIN\Documents\GitHub\Automated-trading-site\.venv\Lib\site-packages\channels\consumer.py", line 95, in app
    return await consumer(scope, receive, send)
           ^^^^^^^^^^^^^^^^^^^^^^^^^^^^^^^^^^^^
  File "C:\Users\ADMIN\Documents\GitHub\Automated-trading-site\.venv\Lib\site-packages\channels\consumer.py", line 44, in __call__
    self.channel_layer = get_channel_layer(self.channel_layer_alias)
                         ~~~~~~~~~~~~~~~~~^^^^^^^^^^^^^^^^^^^^^^^^^^
  File "C:\Users\ADMIN\Documents\GitHub\Automated-trading-site\.venv\Lib\site-packages\channels\layers.py", line 411, in get_channel_layer
    return channel_layers[alias]
           ~~~~~~~~~~~~~~^^^^^^^
  File "C:\Users\ADMIN\Documents\GitHub\Automated-trading-site\.venv\Lib\site-packages\channels\layers.py", line 83, in __getitem__
    self.backends[key] = self.make_backend(key)
                         ~~~~~~~~~~~~~~~~~^^^^^
  File "C:\Users\ADMIN\Documents\GitHub\Automated-trading-site\.venv\Lib\site-packages\channels\layers.py", line 45, in make_backend
    return self._make_backend(name, config)
           ~~~~~~~~~~~~~~~~~~^^^^^^^^^^^^^^
  File "C:\Users\ADMIN\Documents\GitHub\Automated-trading-site\.venv\Lib\site-packages\channels\layers.py", line 73, in _make_backend
    raise InvalidChannelLayerError(
    ...<2 lines>...
    )
channels.exceptions.InvalidChannelLayerError: Cannot import BACKEND 'channels_redis.core.RedisChannelLayer' specified for default
[2026-07-14 20:28:44,878] ERROR daphne.server Exception inside application: Cannot import BACKEND 'channels_redis.core.RedisChannelLayer' specified for default
Traceback (most recent call last):
  File "C:\Users\ADMIN\Documents\GitHub\Automated-trading-site\.venv\Lib\site-packages\channels\layers.py", line 71, in _make_backend
    backend_class = import_string(backend_module)
  File "C:\Users\ADMIN\Documents\GitHub\Automated-trading-site\.venv\Lib\site-packages\django\utils\module_loading.py", line 30, in import_string
    return cached_import(module_path, class_name)
  File "C:\Users\ADMIN\Documents\GitHub\Automated-trading-site\.venv\Lib\site-packages\django\utils\module_loading.py", line 15, in cached_import
    module = import_module(module_path)
  File "C:\Python314\Lib\importlib\__init__.py", line 88, in import_module
    return _bootstrap._gcd_import(name[level:], package, level)
           ~~~~~~~~~~~~~~~~~~~~~~^^^^^^^^^^^^^^^^^^^^^^^^^^^^^^
  File "<frozen importlib._bootstrap>", line 1406, in _gcd_import
  File "<frozen importlib._bootstrap>", line 1371, in _find_and_load
  File "<frozen importlib._bootstrap>", line 1314, in _find_and_load_unlocked
  File "<frozen importlib._bootstrap>", line 491, in _call_with_frames_removed
  File "<frozen importlib._bootstrap>", line 1406, in _gcd_import
  File "<frozen importlib._bootstrap>", line 1371, in _find_and_load
  File "<frozen importlib._bootstrap>", line 1335, in _find_and_load_unlocked
ModuleNotFoundError: No module named 'channels_redis'

During handling of the above exception, another exception occurred:

Traceback (most recent call last):
  File "C:\Users\ADMIN\Documents\GitHub\Automated-trading-site\.venv\Lib\site-packages\django\contrib\staticfiles\handlers.py", line 101, in __call__
    return await self.application(scope, receive, send)
           ^^^^^^^^^^^^^^^^^^^^^^^^^^^^^^^^^^^^^^^^^^^^
  File "C:\Users\ADMIN\Documents\GitHub\Automated-trading-site\.venv\Lib\site-packages\channels\routing.py", line 48, in __call__
    return await application(scope, receive, send)
           ^^^^^^^^^^^^^^^^^^^^^^^^^^^^^^^^^^^^^^^
  File "C:\Users\ADMIN\Documents\GitHub\Automated-trading-site\.venv\Lib\site-packages\channels\sessions.py", line 44, in __call__
    return await self.inner(dict(scope, cookies=cookies), receive, send)
           ^^^^^^^^^^^^^^^^^^^^^^^^^^^^^^^^^^^^^^^^^^^^^^^^^^^^^^^^^^^^^
  File "C:\Users\ADMIN\Documents\GitHub\Automated-trading-site\.venv\Lib\site-packages\channels\sessions.py", line 261, in __call__
    return await self.inner(wrapper.scope, receive, wrapper.send)
           ^^^^^^^^^^^^^^^^^^^^^^^^^^^^^^^^^^^^^^^^^^^^^^^^^^^^^^
  File "C:\Users\ADMIN\Documents\GitHub\Automated-trading-site\.venv\Lib\site-packages\channels\auth.py", line 185, in __call__
    return await super().__call__(scope, receive, send)
           ^^^^^^^^^^^^^^^^^^^^^^^^^^^^^^^^^^^^^^^^^^^^
  File "C:\Users\ADMIN\Documents\GitHub\Automated-trading-site\.venv\Lib\site-packages\channels\middleware.py", line 24, in __call__
    return await self.inner(scope, receive, send)
           ^^^^^^^^^^^^^^^^^^^^^^^^^^^^^^^^^^^^^^
  File "C:\Users\ADMIN\Documents\GitHub\Automated-trading-site\.venv\Lib\site-packages\channels\routing.py", line 118, in __call__
    return await application(
           ^^^^^^^^^^^^^^^^^^
    ...<10 lines>...
    )
    ^
  File "C:\Users\ADMIN\Documents\GitHub\Automated-trading-site\.venv\Lib\site-packages\channels\consumer.py", line 95, in app
    return await consumer(scope, receive, send)
           ^^^^^^^^^^^^^^^^^^^^^^^^^^^^^^^^^^^^
  File "C:\Users\ADMIN\Documents\GitHub\Automated-trading-site\.venv\Lib\site-packages\channels\consumer.py", line 44, in __call__
    self.channel_layer = get_channel_layer(self.channel_layer_alias)
                         ~~~~~~~~~~~~~~~~~^^^^^^^^^^^^^^^^^^^^^^^^^^
  File "C:\Users\ADMIN\Documents\GitHub\Automated-trading-site\.venv\Lib\site-packages\channels\layers.py", line 411, in get_channel_layer
    return channel_layers[alias]
           ~~~~~~~~~~~~~~^^^^^^^
  File "C:\Users\ADMIN\Documents\GitHub\Automated-trading-site\.venv\Lib\site-packages\channels\layers.py", line 83, in __getitem__
    self.backends[key] = self.make_backend(key)
                         ~~~~~~~~~~~~~~~~~^^^^^
  File "C:\Users\ADMIN\Documents\GitHub\Automated-trading-site\.venv\Lib\site-packages\channels\layers.py", line 45, in make_backend
    return self._make_backend(name, config)
           ~~~~~~~~~~~~~~~~~~^^^^^^^^^^^^^^
  File "C:\Users\ADMIN\Documents\GitHub\Automated-trading-site\.venv\Lib\site-packages\channels\layers.py", line 73, in _make_backend
    raise InvalidChannelLayerError(
    ...<2 lines>...
    )
channels.exceptions.InvalidChannelLayerError: Cannot import BACKEND 'channels_redis.core.RedisChannelLayer' specified for default
[2026-07-14 21:17:40,416] ERROR trading_app.services.broker_service Failed to execute trade: Expecting value: line 1 column 1 (char 0)
[2026-07-14 21:17:42,301] ERROR trading_app.services.broker_service Failed to get market data for EUR/USD: Expecting value: line 1 column 1 (char 0)
[2026-07-14 21:20:57,036] ERROR trading_app.services.broker_service Failed to execute trade: Expecting value: line 1 column 1 (char 0)
[2026-07-14 21:20:59,192] ERROR trading_app.services.broker_service Failed to get market data for EUR/USD: Expecting value: line 1 column 1 (char 0)
[2026-07-14 21:34:10,268] ERROR trading_app.services.broker_service Failed to execute trade: Expecting value: line 1 column 1 (char 0)
[2026-07-14 21:34:12,448] ERROR trading_app.services.broker_service Failed to get market data for EUR/USD: Expecting value: line 1 column 1 (char 0)
[2026-07-14 21:41:40,879] ERROR django.request Service Unavailable: /api/broker/health/
[2026-07-14 21:41:43,576] ERROR django.request Internal Server Error: /api/backtest/
Traceback (most recent call last):
  File "C:\Users\ADMIN\Documents\GitHub\Automated-trading-site\.venv\Lib\site-packages\django\core\handlers\exception.py", line 55, in inner
    response = get_response(request)
  File "C:\Users\ADMIN\Documents\GitHub\Automated-trading-site\.venv\Lib\site-packages\django\core\handlers\base.py", line 198, in _get_response
    response = wrapped_callback(request, *callback_args, **callback_kwargs)
  File "C:\Users\ADMIN\Documents\GitHub\Automated-trading-site\.venv\Lib\site-packages\django\views\decorators\csrf.py", line 65, in _view_wrapper
    return view_func(request, *args, **kwargs)
  File "C:\Users\ADMIN\Documents\GitHub\Automated-trading-site\.venv\Lib\site-packages\django\views\generic\base.py", line 106, in view
    return self.dispatch(request, *args, **kwargs)
           ~~~~~~~~~~~~~^^^^^^^^^^^^^^^^^^^^^^^^^^
  File "C:\Users\ADMIN\Documents\GitHub\Automated-trading-site\.venv\Lib\site-packages\rest_framework\views.py", line 515, in dispatch
    response = self.handle_exception(exc)
  File "C:\Users\ADMIN\Documents\GitHub\Automated-trading-site\.venv\Lib\site-packages\rest_framework\views.py", line 475, in handle_exception
    self.raise_uncaught_exception(exc)
    ~~~~~~~~~~~~~~~~~~~~~~~~~~~~~^^^^^
  File "C:\Users\ADMIN\Documents\GitHub\Automated-trading-site\.venv\Lib\site-packages\rest_framework\views.py", line 486, in raise_uncaught_exception
    raise exc
  File "C:\Users\ADMIN\Documents\GitHub\Automated-trading-site\.venv\Lib\site-packages\rest_framework\views.py", line 512, in dispatch
    response = handler(request, *args, **kwargs)
  File "C:\Users\ADMIN\Documents\GitHub\Automated-trading-site\.venv\Lib\site-packages\rest_framework\decorators.py", line 50, in handler
    return func(*args, **kwargs)
  File "C:\Users\ADMIN\Documents\GitHub\Automated-trading-site\trading_app\api_views.py", line 956, in run_backtest_view
    now = datetime.now(timezone.utc)
                       ^^^^^^^^^^^^
AttributeError: module 'django.utils.timezone' has no attribute 'utc'. Did you mean: 'UTC'?
[2026-07-14 21:41:46,408] ERROR django.request Internal Server Error: /api/backtest/
Traceback (most recent call last):
  File "C:\Users\ADMIN\Documents\GitHub\Automated-trading-site\.venv\Lib\site-packages\django\core\handlers\exception.py", line 55, in inner
    response = get_response(request)
  File "C:\Users\ADMIN\Documents\GitHub\Automated-trading-site\.venv\Lib\site-packages\django\core\handlers\base.py", line 198, in _get_response
    response = wrapped_callback(request, *callback_args, **callback_kwargs)
  File "C:\Users\ADMIN\Documents\GitHub\Automated-trading-site\.venv\Lib\site-packages\django\views\decorators\csrf.py", line 65, in _view_wrapper
    return view_func(request, *args, **kwargs)
  File "C:\Users\ADMIN\Documents\GitHub\Automated-trading-site\.venv\Lib\site-packages\django\views\generic\base.py", line 106, in view
    return self.dispatch(request, *args, **kwargs)
           ~~~~~~~~~~~~~^^^^^^^^^^^^^^^^^^^^^^^^^^
  File "C:\Users\ADMIN\Documents\GitHub\Automated-trading-site\.venv\Lib\site-packages\rest_framework\views.py", line 515, in dispatch
    response = self.handle_exception(exc)
  File "C:\Users\ADMIN\Documents\GitHub\Automated-trading-site\.venv\Lib\site-packages\rest_framework\views.py", line 475, in handle_exception
    self.raise_uncaught_exception(exc)
    ~~~~~~~~~~~~~~~~~~~~~~~~~~~~~^^^^^
  File "C:\Users\ADMIN\Documents\GitHub\Automated-trading-site\.venv\Lib\site-packages\rest_framework\views.py", line 486, in raise_uncaught_exception
    raise exc
  File "C:\Users\ADMIN\Documents\GitHub\Automated-trading-site\.venv\Lib\site-packages\rest_framework\views.py", line 512, in dispatch
    response = handler(request, *args, **kwargs)
  File "C:\Users\ADMIN\Documents\GitHub\Automated-trading-site\.venv\Lib\site-packages\rest_framework\decorators.py", line 50, in handler
    return func(*args, **kwargs)
  File "C:\Users\ADMIN\Documents\GitHub\Automated-trading-site\trading_app\api_views.py", line 956, in run_backtest_view
    now = datetime.now(timezone.utc)
                       ^^^^^^^^^^^^
AttributeError: module 'django.utils.timezone' has no attribute 'utc'. Did you mean: 'UTC'?
[2026-07-14 21:42:13,521] ERROR trading_app.tasks User 99999 not found for OTP email
[2026-07-14 21:43:42,896] ERROR django.request Service Unavailable: /api/broker/health/
[2026-07-14 21:43:45,525] ERROR django.request Internal Server Error: /api/backtest/
Traceback (most recent call last):
  File "C:\Users\ADMIN\Documents\GitHub\Automated-trading-site\.venv\Lib\site-packages\django\core\handlers\exception.py", line 55, in inner
    response = get_response(request)
  File "C:\Users\ADMIN\Documents\GitHub\Automated-trading-site\.venv\Lib\site-packages\django\core\handlers\base.py", line 198, in _get_response
    response = wrapped_callback(request, *callback_args, **callback_kwargs)
  File "C:\Users\ADMIN\Documents\GitHub\Automated-trading-site\.venv\Lib\site-packages\django\views\decorators\csrf.py", line 65, in _view_wrapper
    return view_func(request, *args, **kwargs)
  File "C:\Users\ADMIN\Documents\GitHub\Automated-trading-site\.venv\Lib\site-packages\django\views\generic\base.py", line 106, in view
    return self.dispatch(request, *args, **kwargs)
           ~~~~~~~~~~~~~^^^^^^^^^^^^^^^^^^^^^^^^^^
  File "C:\Users\ADMIN\Documents\GitHub\Automated-trading-site\.venv\Lib\site-packages\rest_framework\views.py", line 515, in dispatch
    response = self.handle_exception(exc)
  File "C:\Users\ADMIN\Documents\GitHub\Automated-trading-site\.venv\Lib\site-packages\rest_framework\views.py", line 475, in handle_exception
    self.raise_uncaught_exception(exc)
    ~~~~~~~~~~~~~~~~~~~~~~~~~~~~~^^^^^
  File "C:\Users\ADMIN\Documents\GitHub\Automated-trading-site\.venv\Lib\site-packages\rest_framework\views.py", line 486, in raise_uncaught_exception
    raise exc
  File "C:\Users\ADMIN\Documents\GitHub\Automated-trading-site\.venv\Lib\site-packages\rest_framework\views.py", line 512, in dispatch
    response = handler(request, *args, **kwargs)
  File "C:\Users\ADMIN\Documents\GitHub\Automated-trading-site\.venv\Lib\site-packages\rest_framework\decorators.py", line 50, in handler
    return func(*args, **kwargs)
  File "C:\Users\ADMIN\Documents\GitHub\Automated-trading-site\trading_app\api_views.py", line 960, in run_backtest_view
    raw_candles.append(Candle(
                       ~~~~~~^
        symbol=symbol,
        ^^^^^^^^^^^^^^
    ...<5 lines>...
        timestamp=ts,
        ^^^^^^^^^^^^^
    ))
    ^
TypeError: Candle.__init__() missing 1 required positional argument: 'granularity'
[2026-07-14 21:43:48,189] ERROR django.request Internal Server Error: /api/backtest/
Traceback (most recent call last):
  File "C:\Users\ADMIN\Documents\GitHub\Automated-trading-site\.venv\Lib\site-packages\django\core\handlers\exception.py", line 55, in inner
    response = get_response(request)
  File "C:\Users\ADMIN\Documents\GitHub\Automated-trading-site\.venv\Lib\site-packages\django\core\handlers\base.py", line 198, in _get_response
    response = wrapped_callback(request, *callback_args, **callback_kwargs)
  File "C:\Users\ADMIN\Documents\GitHub\Automated-trading-site\.venv\Lib\site-packages\django\views\decorators\csrf.py", line 65, in _view_wrapper
    return view_func(request, *args, **kwargs)
  File "C:\Users\ADMIN\Documents\GitHub\Automated-trading-site\.venv\Lib\site-packages\django\views\generic\base.py", line 106, in view
    return self.dispatch(request, *args, **kwargs)
           ~~~~~~~~~~~~~^^^^^^^^^^^^^^^^^^^^^^^^^^
  File "C:\Users\ADMIN\Documents\GitHub\Automated-trading-site\.venv\Lib\site-packages\rest_framework\views.py", line 515, in dispatch
    response = self.handle_exception(exc)
  File "C:\Users\ADMIN\Documents\GitHub\Automated-trading-site\.venv\Lib\site-packages\rest_framework\views.py", line 475, in handle_exception
    self.raise_uncaught_exception(exc)
    ~~~~~~~~~~~~~~~~~~~~~~~~~~~~~^^^^^
  File "C:\Users\ADMIN\Documents\GitHub\Automated-trading-site\.venv\Lib\site-packages\rest_framework\views.py", line 486, in raise_uncaught_exception
    raise exc
  File "C:\Users\ADMIN\Documents\GitHub\Automated-trading-site\.venv\Lib\site-packages\rest_framework\views.py", line 512, in dispatch
    response = handler(request, *args, **kwargs)
  File "C:\Users\ADMIN\Documents\GitHub\Automated-trading-site\.venv\Lib\site-packages\rest_framework\decorators.py", line 50, in handler
    return func(*args, **kwargs)
  File "C:\Users\ADMIN\Documents\GitHub\Automated-trading-site\trading_app\api_views.py", line 960, in run_backtest_view
    raw_candles.append(Candle(
                       ~~~~~~^
        symbol=symbol,
        ^^^^^^^^^^^^^^
    ...<5 lines>...
        timestamp=ts,
        ^^^^^^^^^^^^^
    ))
    ^
TypeError: Candle.__init__() missing 1 required positional argument: 'granularity'
[2026-07-14 21:44:14,429] ERROR trading_app.tasks User 99999 not found for OTP email
[2026-07-14 21:45:04,987] ERROR django.request Service Unavailable: /api/broker/health/
[2026-07-14 21:45:36,502] ERROR trading_app.tasks User 99999 not found for OTP email
[2026-07-14 21:46:35,269] ERROR django.request Service Unavailable: /api/broker/health/
[2026-07-14 21:47:14,234] ERROR trading_app.tasks User 99999 not found for OTP email
[2026-07-14 21:58:20,953] ERROR django.request Service Unavailable: /api/broker/health/
[2026-07-14 21:59:00,788] ERROR trading_app.tasks User 99999 not found for OTP email
[2026-07-14 22:31:17,643] ERROR django.request Service Unavailable: /api/broker/health/
[2026-07-14 22:31:58,357] ERROR trading_app.tasks User 99999 not found for OTP email
[2026-07-14 22:45:34,553] ERROR django.request Service Unavailable: /api/broker/health/
[2026-07-14 22:46:16,818] ERROR trading_app.tasks User 99999 not found for OTP email
